[debug] [2025-07-30T11:18:15.847Z] ----------------------------------------------------------------------
[debug] [2025-07-30T11:18:15.852Z] Command:       C:\Program Files\nodejs\node.exe C:\Users\agath\AppData\Roaming\npm\node_modules\firebase-tools\lib\bin\firebase.js deploy --only functions --debug
[debug] [2025-07-30T11:18:15.853Z] CLI Version:   14.11.1
[debug] [2025-07-30T11:18:15.853Z] Platform:      win32
[debug] [2025-07-30T11:18:15.853Z] Node Version:  v22.17.1
[debug] [2025-07-30T11:18:15.854Z] Time:          Wed Jul 30 2025 14:18:15 GMT+0300 (East Africa Time)
[debug] [2025-07-30T11:18:15.854Z] ----------------------------------------------------------------------
[debug] 
[debug] [2025-07-30T11:18:16.242Z] > command requires scopes: ["email","openid","https://www.googleapis.com/auth/cloudplatformprojects.readonly","https://www.googleapis.com/auth/firebase","https://www.googleapis.com/auth/cloud-platform"]
[debug] [2025-07-30T11:18:16.245Z] > authorizing via signed-in user (ssenkubugeabbey055@gmail.com)
[debug] [2025-07-30T11:18:16.246Z] [iam] checking project azimbalife055 for permissions ["cloudfunctions.functions.create","cloudfunctions.functions.delete","cloudfunctions.functions.get","cloudfunctions.functions.list","cloudfunctions.functions.update","cloudfunctions.operations.get","firebase.projects.get"]
[debug] [2025-07-30T11:18:16.248Z] Checked if tokens are valid: true, expires at: 1753877672277
[debug] [2025-07-30T11:18:16.248Z] Checked if tokens are valid: true, expires at: 1753877672277
[debug] [2025-07-30T11:18:16.251Z] >>> [apiv2][query] POST https://cloudresourcemanager.googleapis.com/v1/projects/azimbalife055:testIamPermissions [none]
[debug] [2025-07-30T11:18:16.251Z] >>> [apiv2][(partial)header] POST https://cloudresourcemanager.googleapis.com/v1/projects/azimbalife055:testIamPermissions x-goog-quota-user=projects/azimbalife055
[debug] [2025-07-30T11:18:16.251Z] >>> [apiv2][body] POST https://cloudresourcemanager.googleapis.com/v1/projects/azimbalife055:testIamPermissions {"permissions":["cloudfunctions.functions.create","cloudfunctions.functions.delete","cloudfunctions.functions.get","cloudfunctions.functions.list","cloudfunctions.functions.update","cloudfunctions.operations.get","firebase.projects.get"]}
[debug] [2025-07-30T11:18:18.880Z] <<< [apiv2][status] POST https://cloudresourcemanager.googleapis.com/v1/projects/azimbalife055:testIamPermissions 200
[debug] [2025-07-30T11:18:18.881Z] <<< [apiv2][body] POST https://cloudresourcemanager.googleapis.com/v1/projects/azimbalife055:testIamPermissions {"permissions":["cloudfunctions.functions.create","cloudfunctions.functions.delete","cloudfunctions.functions.get","cloudfunctions.functions.list","cloudfunctions.functions.update","cloudfunctions.operations.get","firebase.projects.get"]}
[debug] [2025-07-30T11:18:18.882Z] Checked if tokens are valid: true, expires at: 1753877672277
[debug] [2025-07-30T11:18:18.882Z] Checked if tokens are valid: true, expires at: 1753877672277
[debug] [2025-07-30T11:18:18.883Z] >>> [apiv2][query] POST https://iam.googleapis.com/v1/projects/azimbalife055/serviceAccounts/azimbalife055@appspot.gserviceaccount.com:testIamPermissions [none]
[debug] [2025-07-30T11:18:18.883Z] >>> [apiv2][body] POST https://iam.googleapis.com/v1/projects/azimbalife055/serviceAccounts/azimbalife055@appspot.gserviceaccount.com:testIamPermissions {"permissions":["iam.serviceAccounts.actAs"]}
[debug] [2025-07-30T11:18:21.222Z] <<< [apiv2][status] POST https://iam.googleapis.com/v1/projects/azimbalife055/serviceAccounts/azimbalife055@appspot.gserviceaccount.com:testIamPermissions 200
[debug] [2025-07-30T11:18:21.223Z] <<< [apiv2][body] POST https://iam.googleapis.com/v1/projects/azimbalife055/serviceAccounts/azimbalife055@appspot.gserviceaccount.com:testIamPermissions {"permissions":["iam.serviceAccounts.actAs"]}
[info] 
[info] === Deploying to 'azimbalife055'...
[info] 
[info] i  deploying functions 
[debug] [2025-07-30T11:18:21.231Z] Checked if tokens are valid: true, expires at: 1753877672277
[debug] [2025-07-30T11:18:21.232Z] Checked if tokens are valid: true, expires at: 1753877672277
[debug] [2025-07-30T11:18:21.232Z] >>> [apiv2][query] GET https://cloudresourcemanager.googleapis.com/v1/projects/azimbalife055 [none]
[debug] [2025-07-30T11:18:21.630Z] <<< [apiv2][status] GET https://cloudresourcemanager.googleapis.com/v1/projects/azimbalife055 200
[debug] [2025-07-30T11:18:21.631Z] <<< [apiv2][body] GET https://cloudresourcemanager.googleapis.com/v1/projects/azimbalife055 {"projectNumber":"78443464091","projectId":"azimbalife055","lifecycleState":"ACTIVE","name":"AZimbalife055","labels":{"firebase":"enabled","firebase-core":"disabled"},"createTime":"2025-07-08T10:17:47.243356Z"}
[info] i  functions: preparing codebase default for deployment 
[info] i  functions: ensuring required API cloudfunctions.googleapis.com is enabled... 
[info] i  functions: ensuring required API cloudbuild.googleapis.com is enabled... 
[info] i  artifactregistry: ensuring required API artifactregistry.googleapis.com is enabled... 
[debug] [2025-07-30T11:18:21.636Z] Checked if tokens are valid: true, expires at: 1753877672277
[debug] [2025-07-30T11:18:21.637Z] Checked if tokens are valid: true, expires at: 1753877672277
[debug] [2025-07-30T11:18:21.637Z] >>> [apiv2][query] GET https://firebase.googleapis.com/v1beta1/projects/azimbalife055/adminSdkConfig [none]
[debug] [2025-07-30T11:18:22.881Z] <<< [apiv2][status] GET https://firebase.googleapis.com/v1beta1/projects/azimbalife055/adminSdkConfig 200
[debug] [2025-07-30T11:18:22.881Z] <<< [apiv2][body] GET https://firebase.googleapis.com/v1beta1/projects/azimbalife055/adminSdkConfig {"projectId":"azimbalife055","databaseURL":"https://azimbalife055-default-rtdb.firebaseio.com","storageBucket":"azimbalife055.firebasestorage.app"}
[debug] [2025-07-30T11:18:22.883Z] Checked if tokens are valid: true, expires at: 1753877672277
[debug] [2025-07-30T11:18:22.883Z] Checked if tokens are valid: true, expires at: 1753877672277
[debug] [2025-07-30T11:18:22.884Z] >>> [apiv2][query] GET https://runtimeconfig.googleapis.com/v1beta1/projects/azimbalife055/configs [none]
[debug] [2025-07-30T11:18:23.624Z] <<< [apiv2][status] GET https://runtimeconfig.googleapis.com/v1beta1/projects/azimbalife055/configs 200
[debug] [2025-07-30T11:18:23.625Z] <<< [apiv2][body] GET https://runtimeconfig.googleapis.com/v1beta1/projects/azimbalife055/configs {}
[debug] [2025-07-30T11:18:23.630Z] Validating nodejs source
[debug] [2025-07-30T11:18:27.746Z] > [functions] package.json contents: {
  "name": "functions",
  "description": "Cloud Functions for Firebase",
  "scripts": {
    "lint": "eslint .",
    "serve": "firebase emulators:start --only functions",
    "shell": "firebase functions:shell",
    "start": "npm run shell",
    "deploy": "firebase deploy --only functions",
    "logs": "firebase functions:log"
  },
  "engines": {
    "node": "22"
  },
  "main": "index.js",
  "dependencies": {
    "firebase-admin": "^13.4.0",
    "firebase-functions": "^6.4.0",
    "nodemailer": "^7.0.5"
  },
  "devDependencies": {
    "eslint": "^8.15.0",
    "eslint-config-google": "^0.14.0",
    "firebase-functions-test": "^3.1.0"
  },
  "private": true
}
[debug] [2025-07-30T11:18:27.747Z] Building nodejs source
[info] i  functions: Loading and analyzing source code for codebase default to determine what to deploy 
[debug] [2025-07-30T11:18:27.751Z] Could not find functions.yaml. Must use http discovery
[debug] [2025-07-30T11:18:27.772Z] Found firebase-functions binary at 'C:\Users\agath\Downloads\AZimbalife\functions\node_modules\.bin\firebase-functions'
[info] Serving at port 8545

[debug] [2025-07-30T11:18:29.432Z] Got response from /__/functions.yaml {"endpoints":{"confirmAppointment":{"availableMemoryMb":null,"timeoutSeconds":null,"minInstances":null,"maxInstances":10,"ingressSettings":null,"concurrency":null,"serviceAccountEmail":null,"vpc":null,"platform":"gcfv2","labels":{},"httpsTrigger":{},"entryPoint":"confirmAppointment"}},"specVersion":"v1alpha1","requiredAPIs":[],"extensions":{}}
[info] i  extensions: ensuring required API firebaseextensions.googleapis.com is enabled... 
[debug] [2025-07-30T11:18:33.507Z] > command requires scopes: ["email","openid","https://www.googleapis.com/auth/cloudplatformprojects.readonly","https://www.googleapis.com/auth/firebase","https://www.googleapis.com/auth/cloud-platform"]
[debug] [2025-07-30T11:18:33.508Z] > authorizing via signed-in user (ssenkubugeabbey055@gmail.com)
[debug] [2025-07-30T11:18:33.508Z] [iam] checking project azimbalife055 for permissions ["firebase.projects.get","firebaseextensions.instances.list"]
[debug] [2025-07-30T11:18:33.509Z] Checked if tokens are valid: true, expires at: 1753877672277
[debug] [2025-07-30T11:18:33.509Z] Checked if tokens are valid: true, expires at: 1753877672277
[debug] [2025-07-30T11:18:33.510Z] >>> [apiv2][query] POST https://cloudresourcemanager.googleapis.com/v1/projects/azimbalife055:testIamPermissions [none]
[debug] [2025-07-30T11:18:33.510Z] >>> [apiv2][(partial)header] POST https://cloudresourcemanager.googleapis.com/v1/projects/azimbalife055:testIamPermissions x-goog-quota-user=projects/azimbalife055
[debug] [2025-07-30T11:18:33.511Z] >>> [apiv2][body] POST https://cloudresourcemanager.googleapis.com/v1/projects/azimbalife055:testIamPermissions {"permissions":["firebase.projects.get","firebaseextensions.instances.list"]}
[debug] [2025-07-30T11:18:35.567Z] <<< [apiv2][status] POST https://cloudresourcemanager.googleapis.com/v1/projects/azimbalife055:testIamPermissions 200
[debug] [2025-07-30T11:18:35.568Z] <<< [apiv2][body] POST https://cloudresourcemanager.googleapis.com/v1/projects/azimbalife055:testIamPermissions {"permissions":["firebase.projects.get","firebaseextensions.instances.list"]}
[debug] [2025-07-30T11:18:35.569Z] Checked if tokens are valid: true, expires at: 1753877672277
[debug] [2025-07-30T11:18:35.569Z] Checked if tokens are valid: true, expires at: 1753877672277
[debug] [2025-07-30T11:18:35.570Z] >>> [apiv2][query] GET https://firebaseextensions.googleapis.com/v1beta/projects/azimbalife055/instances pageSize=100&pageToken=
[debug] [2025-07-30T11:18:38.222Z] <<< [apiv2][status] GET https://firebaseextensions.googleapis.com/v1beta/projects/azimbalife055/instances 200
[debug] [2025-07-30T11:18:38.223Z] <<< [apiv2][body] GET https://firebaseextensions.googleapis.com/v1beta/projects/azimbalife055/instances {}
[info] i  functions: preparing functions directory for uploading... 
[info] i  functions: packaged C:\Users\agath\Downloads\AZimbalife\functions (78.28 KB) for uploading 
[debug] [2025-07-30T11:18:38.329Z] Checked if tokens are valid: true, expires at: 1753877672277
[debug] [2025-07-30T11:18:38.329Z] Checked if tokens are valid: true, expires at: 1753877672277
[debug] [2025-07-30T11:18:38.330Z] >>> [apiv2][query] GET https://cloudfunctions.googleapis.com/v1/projects/azimbalife055/locations/-/functions [none]
[debug] [2025-07-30T11:18:39.654Z] <<< [apiv2][status] GET https://cloudfunctions.googleapis.com/v1/projects/azimbalife055/locations/-/functions 200
[debug] [2025-07-30T11:18:39.655Z] <<< [apiv2][body] GET https://cloudfunctions.googleapis.com/v1/projects/azimbalife055/locations/-/functions {}
[debug] [2025-07-30T11:18:39.656Z] Checked if tokens are valid: true, expires at: 1753877672277
[debug] [2025-07-30T11:18:39.656Z] Checked if tokens are valid: true, expires at: 1753877672277
[debug] [2025-07-30T11:18:39.657Z] >>> [apiv2][query] GET https://cloudfunctions.googleapis.com/v2/projects/azimbalife055/locations/-/functions filter=environment%3D%22GEN_2%22
[debug] [2025-07-30T11:18:40.999Z] <<< [apiv2][status] GET https://cloudfunctions.googleapis.com/v2/projects/azimbalife055/locations/-/functions 200
[debug] [2025-07-30T11:18:41.018Z] <<< [apiv2][body] GET https://cloudfunctions.googleapis.com/v2/projects/azimbalife055/locations/-/functions {"functions":[{"name":"projects/azimbalife055/locations/us-central1/functions/confirmAppointment","buildConfig":{"build":"projects/78443464091/locations/us-central1/builds/1571a8aa-3d1e-4adb-91e5-35eb95997972","runtime":"nodejs22","entryPoint":"confirmAppointment","source":{"storageSource":{"bucket":"gcf-v2-sources-78443464091-us-central1","object":"confirmAppointment/function-source.zip","generation":"1753872818230149"}},"environmentVariables":{"GOOGLE_NODE_RUN_SCRIPTS":""},"dockerRepository":"projects/azimbalife055/locations/us-central1/repositories/gcf-artifacts","sourceProvenance":{"resolvedStorageSource":{"bucket":"gcf-v2-sources-78443464091-us-central1","object":"confirmAppointment/function-source.zip","generation":"1753872818230149"}},"dockerRegistry":"ARTIFACT_REGISTRY","serviceAccount":"projects/azimbalife055/serviceAccounts/78443464091-compute@developer.gserviceaccount.com","automaticUpdatePolicy":{}},"serviceConfig":{"service":"projects/azimbalife055/locations/us-central1/services/confirmappointment","timeoutSeconds":60,"environmentVariables":{"FIREBASE_CONFIG":"{\"projectId\":\"azimbalife055\",\"databaseURL\":\"https://azimbalife055-default-rtdb.firebaseio.com\",\"storageBucket\":\"azimbalife055.firebasestorage.app\"}","GCLOUD_PROJECT":"azimbalife055","EVENTARC_CLOUD_EVENT_SOURCE":"projects/azimbalife055/locations/us-central1/services/confirmAppointment","FUNCTION_TARGET":"confirmAppointment","LOG_EXECUTION_ID":"true"},"maxInstanceCount":10,"ingressSettings":"ALLOW_ALL","uri":"https://confirmappointment-vy6tk2hf5q-uc.a.run.app","serviceAccountEmail":"78443464091-compute@developer.gserviceaccount.com","availableMemory":"256Mi","allTrafficOnLatestRevision":true,"revision":"confirmappointment-00016-bel","maxInstanceRequestConcurrency":80,"availableCpu":"1"},"state":"ACTIVE","updateTime":"2025-07-30T10:54:33.660278639Z","labels":{"deployment-tool":"cli-firebase","firebase-functions-hash":"f21d7cac737fac2a3cf2a64dd0145191f970fb20"},"environment":"GEN_2","url":"https://us-central1-azimbalife055.cloudfunctions.net/confirmAppointment","createTime":"2025-07-24T19:43:54.611466338Z","satisfiesPzi":true}]}
[info] i  functions: ensuring required API run.googleapis.com is enabled... 
[info] i  functions: ensuring required API eventarc.googleapis.com is enabled... 
[info] i  functions: ensuring required API pubsub.googleapis.com is enabled... 
[info] i  functions: ensuring required API storage.googleapis.com is enabled... 
[info] i  functions: generating the service identity for pubsub.googleapis.com... 
[debug] [2025-07-30T11:18:41.038Z] Checked if tokens are valid: true, expires at: 1753877672277
[debug] [2025-07-30T11:18:41.038Z] Checked if tokens are valid: true, expires at: 1753877672277
[info] i  functions: generating the service identity for eventarc.googleapis.com... 
[debug] [2025-07-30T11:18:41.039Z] Checked if tokens are valid: true, expires at: 1753877672277
[debug] [2025-07-30T11:18:41.039Z] Checked if tokens are valid: true, expires at: 1753877672277
[debug] [2025-07-30T11:18:41.040Z] >>> [apiv2][query] POST https://serviceusage.googleapis.com/v1beta1/projects/78443464091/services/pubsub.googleapis.com:generateServiceIdentity [none]
[debug] [2025-07-30T11:18:41.042Z] >>> [apiv2][(partial)header] POST https://serviceusage.googleapis.com/v1beta1/projects/78443464091/services/pubsub.googleapis.com:generateServiceIdentity x-goog-quota-user=projects/78443464091
[debug] [2025-07-30T11:18:41.042Z] >>> [apiv2][body] POST https://serviceusage.googleapis.com/v1beta1/projects/78443464091/services/pubsub.googleapis.com:generateServiceIdentity {}
[debug] [2025-07-30T11:18:41.045Z] >>> [apiv2][query] POST https://serviceusage.googleapis.com/v1beta1/projects/78443464091/services/eventarc.googleapis.com:generateServiceIdentity [none]
[debug] [2025-07-30T11:18:41.046Z] >>> [apiv2][(partial)header] POST https://serviceusage.googleapis.com/v1beta1/projects/78443464091/services/eventarc.googleapis.com:generateServiceIdentity x-goog-quota-user=projects/78443464091
[debug] [2025-07-30T11:18:41.046Z] >>> [apiv2][body] POST https://serviceusage.googleapis.com/v1beta1/projects/78443464091/services/eventarc.googleapis.com:generateServiceIdentity {}
[debug] [2025-07-30T11:18:44.159Z] <<< [apiv2][status] POST https://serviceusage.googleapis.com/v1beta1/projects/78443464091/services/pubsub.googleapis.com:generateServiceIdentity 200
[debug] [2025-07-30T11:18:44.160Z] <<< [apiv2][body] POST https://serviceusage.googleapis.com/v1beta1/projects/78443464091/services/pubsub.googleapis.com:generateServiceIdentity {"name":"operations/finished.DONE_OPERATION","done":true,"response":{"@type":"type.googleapis.com/google.api.serviceusage.v1beta1.ServiceIdentity","email":"service-78443464091@gcp-sa-pubsub.iam.gserviceaccount.com","uniqueId":"103593887662797017039"}}
[debug] [2025-07-30T11:18:44.161Z] <<< [apiv2][status] POST https://serviceusage.googleapis.com/v1beta1/projects/78443464091/services/eventarc.googleapis.com:generateServiceIdentity 200
[debug] [2025-07-30T11:18:44.162Z] <<< [apiv2][body] POST https://serviceusage.googleapis.com/v1beta1/projects/78443464091/services/eventarc.googleapis.com:generateServiceIdentity {"name":"operations/finished.DONE_OPERATION","done":true,"response":{"@type":"type.googleapis.com/google.api.serviceusage.v1beta1.ServiceIdentity","email":"service-78443464091@gcp-sa-eventarc.iam.gserviceaccount.com","uniqueId":"114616746748110808117"}}
[debug] [2025-07-30T11:18:44.166Z] Checked if tokens are valid: true, expires at: 1753877672277
[debug] [2025-07-30T11:18:44.167Z] Checked if tokens are valid: true, expires at: 1753877672277
[debug] [2025-07-30T11:18:44.171Z] >>> [apiv2][query] GET https://cloudresourcemanager.googleapis.com/v1/projects/azimbalife055 [none]
[debug] [2025-07-30T11:18:45.177Z] <<< [apiv2][status] GET https://cloudresourcemanager.googleapis.com/v1/projects/azimbalife055 200
[debug] [2025-07-30T11:18:45.177Z] <<< [apiv2][body] GET https://cloudresourcemanager.googleapis.com/v1/projects/azimbalife055 {"projectNumber":"78443464091","projectId":"azimbalife055","lifecycleState":"ACTIVE","name":"AZimbalife055","labels":{"firebase":"enabled","firebase-core":"disabled"},"createTime":"2025-07-08T10:17:47.243356Z"}
[debug] [2025-07-30T11:18:45.178Z] Checked if tokens are valid: true, expires at: 1753877672277
[debug] [2025-07-30T11:18:45.179Z] Checked if tokens are valid: true, expires at: 1753877672277
[debug] [2025-07-30T11:18:45.179Z] >>> [apiv2][query] GET https://compute.googleapis.com/compute/v1/projects/78443464091 [none]
[debug] [2025-07-30T11:18:46.205Z] <<< [apiv2][status] GET https://compute.googleapis.com/compute/v1/projects/78443464091 403
[debug] [2025-07-30T11:18:46.207Z] <<< [apiv2][body] GET https://compute.googleapis.com/compute/v1/projects/78443464091 {"error":{"code":403,"message":"Compute Engine API has not been used in project 78443464091 before or it is disabled. Enable it by visiting https://console.developers.google.com/apis/api/compute.googleapis.com/overview?project=78443464091 then retry. If you enabled this API recently, wait a few minutes for the action to propagate to our systems and retry.","errors":[{"message":"Compute Engine API has not been used in project 78443464091 before or it is disabled. Enable it by visiting https://console.developers.google.com/apis/api/compute.googleapis.com/overview?project=78443464091 then retry. If you enabled this API recently, wait a few minutes for the action to propagate to our systems and retry.","domain":"usageLimits","reason":"accessNotConfigured","extendedHelp":"https://console.developers.google.com"}],"status":"PERMISSION_DENIED","details":[{"@type":"type.googleapis.com/google.rpc.ErrorInfo","reason":"SERVICE_DISABLED","domain":"googleapis.com","metadata":{"service":"compute.googleapis.com","serviceTitle":"Compute Engine API","activationUrl":"https://console.developers.google.com/apis/api/compute.googleapis.com/overview?project=78443464091","consumer":"projects/78443464091","containerInfo":"78443464091"}},{"@type":"type.googleapis.com/google.rpc.LocalizedMessage","locale":"en-US","message":"Compute Engine API has not been used in project 78443464091 before or it is disabled. Enable it by visiting https://console.developers.google.com/apis/api/compute.googleapis.com/overview?project=78443464091 then retry. If you enabled this API recently, wait a few minutes for the action to propagate to our systems and retry."},{"@type":"type.googleapis.com/google.rpc.Help","links":[{"description":"Google developers console API activation","url":"https://console.developers.google.com/apis/api/compute.googleapis.com/overview?project=78443464091"}]}]}}
[debug] [2025-07-30T11:18:46.211Z] unable to look up default compute service account. Falling back to 78443464091-compute@developer.gserviceaccount.com. Error: {"name":"FirebaseError","children":[],"context":{"body":{"error":{"code":403,"message":"Compute Engine API has not been used in project 78443464091 before or it is disabled. Enable it by visiting https://console.developers.google.com/apis/api/compute.googleapis.com/overview?project=78443464091 then retry. If you enabled this API recently, wait a few minutes for the action to propagate to our systems and retry.","errors":[{"message":"Compute Engine API has not been used in project 78443464091 before or it is disabled. Enable it by visiting https://console.developers.google.com/apis/api/compute.googleapis.com/overview?project=78443464091 then retry. If you enabled this API recently, wait a few minutes for the action to propagate to our systems and retry.","domain":"usageLimits","reason":"accessNotConfigured","extendedHelp":"https://console.developers.google.com"}],"status":"PERMISSION_DENIED","details":[{"@type":"type.googleapis.com/google.rpc.ErrorInfo","reason":"SERVICE_DISABLED","domain":"googleapis.com","metadata":{"service":"compute.googleapis.com","serviceTitle":"Compute Engine API","activationUrl":"https://console.developers.google.com/apis/api/compute.googleapis.com/overview?project=78443464091","consumer":"projects/78443464091","containerInfo":"78443464091"}},{"@type":"type.googleapis.com/google.rpc.LocalizedMessage","locale":"en-US","message":"Compute Engine API has not been used in project 78443464091 before or it is disabled. Enable it by visiting https://console.developers.google.com/apis/api/compute.googleapis.com/overview?project=78443464091 then retry. If you enabled this API recently, wait a few minutes for the action to propagate to our systems and retry."},{"@type":"type.googleapis.com/google.rpc.Help","links":[{"description":"Google developers console API activation","url":"https://console.developers.google.com/apis/api/compute.googleapis.com/overview?project=78443464091"}]}]}},"response":{"statusCode":403}},"exit":1,"message":"Request to https://compute.googleapis.com/compute/v1/projects/78443464091 had HTTP Error: 403, Compute Engine API has not been used in project 78443464091 before or it is disabled. Enable it by visiting https://console.developers.google.com/apis/api/compute.googleapis.com/overview?project=78443464091 then retry. If you enabled this API recently, wait a few minutes for the action to propagate to our systems and retry.","status":403}
[debug] [2025-07-30T11:18:46.214Z] Checked if tokens are valid: true, expires at: 1753877672277
[debug] [2025-07-30T11:18:46.214Z] Checked if tokens are valid: true, expires at: 1753877672277
[debug] [2025-07-30T11:18:46.215Z] >>> [apiv2][query] GET https://cloudbilling.googleapis.com/v1/projects/azimbalife055/billingInfo [none]
[debug] [2025-07-30T11:18:47.646Z] <<< [apiv2][status] GET https://cloudbilling.googleapis.com/v1/projects/azimbalife055/billingInfo 200
[debug] [2025-07-30T11:18:47.647Z] <<< [apiv2][body] GET https://cloudbilling.googleapis.com/v1/projects/azimbalife055/billingInfo {"name":"projects/azimbalife055/billingInfo","projectId":"azimbalife055","billingAccountName":"billingAccounts/018028-893BE8-0257DF","billingEnabled":true}
[debug] [2025-07-30T11:18:47.650Z] Checked if tokens are valid: true, expires at: 1753877672277
[debug] [2025-07-30T11:18:47.650Z] Checked if tokens are valid: true, expires at: 1753877672277
[debug] [2025-07-30T11:18:47.651Z] >>> [apiv2][query] POST https://cloudfunctions.googleapis.com/v2/projects/azimbalife055/locations/us-central1/functions:generateUploadUrl [none]
[debug] [2025-07-30T11:18:49.789Z] <<< [apiv2][status] POST https://cloudfunctions.googleapis.com/v2/projects/azimbalife055/locations/us-central1/functions:generateUploadUrl 200
[debug] [2025-07-30T11:18:49.790Z] <<< [apiv2][body] POST https://cloudfunctions.googleapis.com/v2/projects/azimbalife055/locations/us-central1/functions:generateUploadUrl {"uploadUrl":"https://storage.googleapis.com/gcf-v2-uploads-78443464091.us-central1.cloudfunctions.appspot.com/20200c7c-be77-49e0-b4db-5434311a31c6.zip?GoogleAccessId=service-78443464091@gcf-admin-robot.iam.gserviceaccount.com&Expires=1753876129&Signature=Cc9naiQ3Rk1CXsyC59Mc%2FbjyPCTsksvlco%2BfF1r5iLJyFzo3eLy2OSXeP4jZeEHJOoIsvvCpNVOXD0Ha4h6e3PPaujIqLlc%2Fzx7SoYxnyHqFJF78s3toaO1hOAvEcbgEM7Qh2lXX3QrDIevd6otZ2SEK2qdDh%2BAv1qtql1hQeBCtNRalNX5bXktkXulDOcLOAFVF2nUTwp87852DKe9d3FKcX5eRkykfwUneUC6o5l4sKPUfwGG%2F4tJtksHEpkyffzc3EB2RSZxVqYoPuo3ujR0J2ehjECWNVJ1Ss1977geLSKG5sdCg75MlsmhMwyenQPq98pn%2BIfw7jj1dAMQYrQ%3D%3D","storageSource":{"bucket":"gcf-v2-uploads-78443464091.us-central1.cloudfunctions.appspot.com","object":"20200c7c-be77-49e0-b4db-5434311a31c6.zip"}}
[debug] [2025-07-30T11:18:49.792Z] >>> [apiv2][query] PUT https://storage.googleapis.com/gcf-v2-uploads-78443464091.us-central1.cloudfunctions.appspot.com/20200c7c-be77-49e0-b4db-5434311a31c6.zip GoogleAccessId=service-78443464091%40gcf-admin-robot.iam.gserviceaccount.com&Expires=1753876129&Signature=Cc9naiQ3Rk1CXsyC59Mc%2FbjyPCTsksvlco%2BfF1r5iLJyFzo3eLy2OSXeP4jZeEHJOoIsvvCpNVOXD0Ha4h6e3PPaujIqLlc%2Fzx7SoYxnyHqFJF78s3toaO1hOAvEcbgEM7Qh2lXX3QrDIevd6otZ2SEK2qdDh%2BAv1qtql1hQeBCtNRalNX5bXktkXulDOcLOAFVF2nUTwp87852DKe9d3FKcX5eRkykfwUneUC6o5l4sKPUfwGG%2F4tJtksHEpkyffzc3EB2RSZxVqYoPuo3ujR0J2ehjECWNVJ1Ss1977geLSKG5sdCg75MlsmhMwyenQPq98pn%2BIfw7jj1dAMQYrQ%3D%3D
[debug] [2025-07-30T11:18:49.792Z] >>> [apiv2][body] PUT https://storage.googleapis.com/gcf-v2-uploads-78443464091.us-central1.cloudfunctions.appspot.com/20200c7c-be77-49e0-b4db-5434311a31c6.zip [stream]
[debug] [2025-07-30T11:18:53.080Z] <<< [apiv2][status] PUT https://storage.googleapis.com/gcf-v2-uploads-78443464091.us-central1.cloudfunctions.appspot.com/20200c7c-be77-49e0-b4db-5434311a31c6.zip 200
[debug] [2025-07-30T11:18:53.081Z] <<< [apiv2][body] PUT https://storage.googleapis.com/gcf-v2-uploads-78443464091.us-central1.cloudfunctions.appspot.com/20200c7c-be77-49e0-b4db-5434311a31c6.zip [omitted]
[info] +  functions: functions folder uploaded successfully 
[info] i  functions: updating Node.js 22 (2nd Gen) function confirmAppointment(us-central1)... 
[debug] [2025-07-30T11:18:53.093Z] Checked if tokens are valid: true, expires at: 1753877672277
[debug] [2025-07-30T11:18:53.093Z] Checked if tokens are valid: true, expires at: 1753877672277
[debug] [2025-07-30T11:18:53.094Z] >>> [apiv2][query] PATCH https://cloudfunctions.googleapis.com/v2/projects/azimbalife055/locations/us-central1/functions/confirmAppointment updateMask=name%2CbuildConfig.runtime%2CbuildConfig.entryPoint%2CbuildConfig.source.storageSource.bucket%2CbuildConfig.source.storageSource.object%2CbuildConfig.environmentVariables%2CbuildConfig.sourceToken%2CserviceConfig.environmentVariables%2CserviceConfig.ingressSettings%2CserviceConfig.timeoutSeconds%2CserviceConfig.serviceAccountEmail%2CserviceConfig.availableMemory%2CserviceConfig.minInstanceCount%2CserviceConfig.maxInstanceCount%2CserviceConfig.maxInstanceRequestConcurrency%2CserviceConfig.availableCpu%2CserviceConfig.vpcConnector%2CserviceConfig.vpcConnectorEgressSettings%2Clabels
[debug] [2025-07-30T11:18:53.094Z] >>> [apiv2][body] PATCH https://cloudfunctions.googleapis.com/v2/projects/azimbalife055/locations/us-central1/functions/confirmAppointment {"name":"projects/azimbalife055/locations/us-central1/functions/confirmAppointment","buildConfig":{"runtime":"nodejs22","entryPoint":"confirmAppointment","source":{"storageSource":{"bucket":"gcf-v2-uploads-78443464091.us-central1.cloudfunctions.appspot.com","object":"20200c7c-be77-49e0-b4db-5434311a31c6.zip"}},"environmentVariables":{"GOOGLE_NODE_RUN_SCRIPTS":""}},"serviceConfig":{"environmentVariables":{"FIREBASE_CONFIG":"{\"projectId\":\"azimbalife055\",\"databaseURL\":\"https://azimbalife055-default-rtdb.firebaseio.com\",\"storageBucket\":\"azimbalife055.firebasestorage.app\"}","GCLOUD_PROJECT":"azimbalife055","EVENTARC_CLOUD_EVENT_SOURCE":"projects/azimbalife055/locations/us-central1/services/confirmAppointment","FUNCTION_TARGET":"confirmAppointment","LOG_EXECUTION_ID":"true"},"ingressSettings":null,"timeoutSeconds":null,"serviceAccountEmail":null,"availableMemory":"256Mi","minInstanceCount":null,"maxInstanceCount":10,"maxInstanceRequestConcurrency":80,"availableCpu":"1","vpcConnector":null,"vpcConnectorEgressSettings":null},"labels":{"deployment-tool":"cli-firebase","firebase-functions-hash":"22a1da7fe85f1465e471ef10bf7151bfb1428d36"}}
[debug] [2025-07-30T11:18:55.013Z] <<< [apiv2][status] PATCH https://cloudfunctions.googleapis.com/v2/projects/azimbalife055/locations/us-central1/functions/confirmAppointment 200
[debug] [2025-07-30T11:18:55.014Z] <<< [apiv2][body] PATCH https://cloudfunctions.googleapis.com/v2/projects/azimbalife055/locations/us-central1/functions/confirmAppointment {"name":"projects/azimbalife055/locations/us-central1/operations/operation-1753874333903-63b23b0a72c10-f56f413d-30be6713","metadata":{"@type":"type.googleapis.com/google.cloud.functions.v2.OperationMetadata","createTime":"2025-07-30T11:18:54.758291228Z","target":"projects/azimbalife055/locations/us-central1/functions/confirmAppointment","verb":"update","cancelRequested":false,"apiVersion":"v2"},"done":false}
[debug] [2025-07-30T11:18:55.017Z] Checked if tokens are valid: true, expires at: 1753877672277
[debug] [2025-07-30T11:18:55.017Z] Checked if tokens are valid: true, expires at: 1753877672277
[debug] [2025-07-30T11:18:55.018Z] >>> [apiv2][query] GET https://cloudfunctions.googleapis.com/v2/projects/azimbalife055/locations/us-central1/operations/operation-1753874333903-63b23b0a72c10-f56f413d-30be6713 [none]
[debug] [2025-07-30T11:18:56.287Z] <<< [apiv2][status] GET https://cloudfunctions.googleapis.com/v2/projects/azimbalife055/locations/us-central1/operations/operation-1753874333903-63b23b0a72c10-f56f413d-30be6713 200
[debug] [2025-07-30T11:18:56.287Z] <<< [apiv2][body] GET https://cloudfunctions.googleapis.com/v2/projects/azimbalife055/locations/us-central1/operations/operation-1753874333903-63b23b0a72c10-f56f413d-30be6713 {"name":"projects/azimbalife055/locations/us-central1/operations/operation-1753874333903-63b23b0a72c10-f56f413d-30be6713","metadata":{"@type":"type.googleapis.com/google.cloud.functions.v2.OperationMetadata","createTime":"2025-07-30T11:18:54.758291228Z","target":"projects/azimbalife055/locations/us-central1/functions/confirmAppointment","verb":"update","cancelRequested":false,"apiVersion":"v2","requestResource":{"@type":"type.googleapis.com/google.cloud.functions.v2.Function","name":"projects/azimbalife055/locations/us-central1/functions/confirmAppointment","buildConfig":{"runtime":"nodejs22","entryPoint":"confirmAppointment","source":{"storageSource":{"bucket":"gcf-v2-sources-78443464091-us-central1","object":"confirmAppointment/function-source.zip","generation":"1753874334708588"}},"environmentVariables":{"GOOGLE_NODE_RUN_SCRIPTS":""},"dockerRepository":"projects/azimbalife055/locations/us-central1/repositories/gcf-artifacts","sourceProvenance":{"resolvedStorageSource":{"bucket":"gcf-v2-sources-78443464091-us-central1","object":"confirmAppointment/function-source.zip","generation":"1753872818230149"}},"dockerRegistry":"ARTIFACT_REGISTRY","serviceAccount":"projects/azimbalife055/serviceAccounts/78443464091-compute@developer.gserviceaccount.com","automaticUpdatePolicy":{}},"serviceConfig":{"service":"projects/azimbalife055/locations/us-central1/services/confirmappointment","timeoutSeconds":60,"environmentVariables":{"FIREBASE_CONFIG":"{\"projectId\":\"azimbalife055\",\"databaseURL\":\"https://azimbalife055-default-rtdb.firebaseio.com\",\"storageBucket\":\"azimbalife055.firebasestorage.app\"}","GCLOUD_PROJECT":"azimbalife055","EVENTARC_CLOUD_EVENT_SOURCE":"projects/azimbalife055/locations/us-central1/services/confirmAppointment","FUNCTION_TARGET":"confirmAppointment","LOG_EXECUTION_ID":"true"},"maxInstanceCount":10,"ingressSettings":"ALLOW_ALL","uri":"https://confirmappointment-vy6tk2hf5q-uc.a.run.app","serviceAccountEmail":"78443464091-compute@developer.gserviceaccount.com","availableMemory":"256Mi","allTrafficOnLatestRevision":true,"revision":"confirmappointment-00016-bel","maxInstanceRequestConcurrency":80,"availableCpu":"1"},"state":"ACTIVE","labels":{"deployment-tool":"cli-firebase","firebase-functions-hash":"22a1da7fe85f1465e471ef10bf7151bfb1428d36"},"environment":"GEN_2","url":"https://us-central1-azimbalife055.cloudfunctions.net/confirmAppointment","satisfiesPzi":true},"stages":[{"name":"BUILD","message":"Build in progress","state":"IN_PROGRESS","resource":"projects/78443464091/locations/us-central1/builds/78068d97-15fe-4a1a-86e6-1251676491f1","resourceUri":"https://console.cloud.google.com/cloud-build/builds;region=us-central1/78068d97-15fe-4a1a-86e6-1251676491f1?project=78443464091"},{"name":"SERVICE","state":"NOT_STARTED"}],"operationType":"UPDATE_FUNCTION","buildName":"projects/78443464091/locations/us-central1/builds/78068d97-15fe-4a1a-86e6-1251676491f1"},"done":false}
[debug] [2025-07-30T11:18:56.790Z] [update-default-us-central1-confirmAppointment] Retrying task index 0
[debug] [2025-07-30T11:18:56.792Z] Checked if tokens are valid: true, expires at: 1753877672277
[debug] [2025-07-30T11:18:56.792Z] Checked if tokens are valid: true, expires at: 1753877672277
[debug] [2025-07-30T11:18:56.793Z] >>> [apiv2][query] GET https://cloudfunctions.googleapis.com/v2/projects/azimbalife055/locations/us-central1/operations/operation-1753874333903-63b23b0a72c10-f56f413d-30be6713 [none]
[debug] [2025-07-30T11:18:57.666Z] <<< [apiv2][status] GET https://cloudfunctions.googleapis.com/v2/projects/azimbalife055/locations/us-central1/operations/operation-1753874333903-63b23b0a72c10-f56f413d-30be6713 200
[debug] [2025-07-30T11:18:57.667Z] <<< [apiv2][body] GET https://cloudfunctions.googleapis.com/v2/projects/azimbalife055/locations/us-central1/operations/operation-1753874333903-63b23b0a72c10-f56f413d-30be6713 {"name":"projects/azimbalife055/locations/us-central1/operations/operation-1753874333903-63b23b0a72c10-f56f413d-30be6713","metadata":{"@type":"type.googleapis.com/google.cloud.functions.v2.OperationMetadata","createTime":"2025-07-30T11:18:54.758291228Z","target":"projects/azimbalife055/locations/us-central1/functions/confirmAppointment","verb":"update","cancelRequested":false,"apiVersion":"v2","requestResource":{"@type":"type.googleapis.com/google.cloud.functions.v2.Function","name":"projects/azimbalife055/locations/us-central1/functions/confirmAppointment","buildConfig":{"runtime":"nodejs22","entryPoint":"confirmAppointment","source":{"storageSource":{"bucket":"gcf-v2-sources-78443464091-us-central1","object":"confirmAppointment/function-source.zip","generation":"1753874334708588"}},"environmentVariables":{"GOOGLE_NODE_RUN_SCRIPTS":""},"dockerRepository":"projects/azimbalife055/locations/us-central1/repositories/gcf-artifacts","sourceProvenance":{"resolvedStorageSource":{"bucket":"gcf-v2-sources-78443464091-us-central1","object":"confirmAppointment/function-source.zip","generation":"1753872818230149"}},"dockerRegistry":"ARTIFACT_REGISTRY","serviceAccount":"projects/azimbalife055/serviceAccounts/78443464091-compute@developer.gserviceaccount.com","automaticUpdatePolicy":{}},"serviceConfig":{"service":"projects/azimbalife055/locations/us-central1/services/confirmappointment","timeoutSeconds":60,"environmentVariables":{"FIREBASE_CONFIG":"{\"projectId\":\"azimbalife055\",\"databaseURL\":\"https://azimbalife055-default-rtdb.firebaseio.com\",\"storageBucket\":\"azimbalife055.firebasestorage.app\"}","GCLOUD_PROJECT":"azimbalife055","EVENTARC_CLOUD_EVENT_SOURCE":"projects/azimbalife055/locations/us-central1/services/confirmAppointment","FUNCTION_TARGET":"confirmAppointment","LOG_EXECUTION_ID":"true"},"maxInstanceCount":10,"ingressSettings":"ALLOW_ALL","uri":"https://confirmappointment-vy6tk2hf5q-uc.a.run.app","serviceAccountEmail":"78443464091-compute@developer.gserviceaccount.com","availableMemory":"256Mi","allTrafficOnLatestRevision":true,"revision":"confirmappointment-00016-bel","maxInstanceRequestConcurrency":80,"availableCpu":"1"},"state":"ACTIVE","labels":{"deployment-tool":"cli-firebase","firebase-functions-hash":"22a1da7fe85f1465e471ef10bf7151bfb1428d36"},"environment":"GEN_2","url":"https://us-central1-azimbalife055.cloudfunctions.net/confirmAppointment","satisfiesPzi":true},"stages":[{"name":"BUILD","message":"Build in progress","state":"IN_PROGRESS","resource":"projects/78443464091/locations/us-central1/builds/78068d97-15fe-4a1a-86e6-1251676491f1","resourceUri":"https://console.cloud.google.com/cloud-build/builds;region=us-central1/78068d97-15fe-4a1a-86e6-1251676491f1?project=78443464091"},{"name":"SERVICE","state":"NOT_STARTED"}],"operationType":"UPDATE_FUNCTION","buildName":"projects/78443464091/locations/us-central1/builds/78068d97-15fe-4a1a-86e6-1251676491f1"},"done":false}
[debug] [2025-07-30T11:18:58.675Z] [update-default-us-central1-confirmAppointment] Retrying task index 0
[debug] [2025-07-30T11:18:58.676Z] Checked if tokens are valid: true, expires at: 1753877672277
[debug] [2025-07-30T11:18:58.676Z] Checked if tokens are valid: true, expires at: 1753877672277
[debug] [2025-07-30T11:18:58.677Z] >>> [apiv2][query] GET https://cloudfunctions.googleapis.com/v2/projects/azimbalife055/locations/us-central1/operations/operation-1753874333903-63b23b0a72c10-f56f413d-30be6713 [none]
[debug] [2025-07-30T11:18:59.825Z] <<< [apiv2][status] GET https://cloudfunctions.googleapis.com/v2/projects/azimbalife055/locations/us-central1/operations/operation-1753874333903-63b23b0a72c10-f56f413d-30be6713 200
[debug] [2025-07-30T11:18:59.825Z] <<< [apiv2][body] GET https://cloudfunctions.googleapis.com/v2/projects/azimbalife055/locations/us-central1/operations/operation-1753874333903-63b23b0a72c10-f56f413d-30be6713 {"name":"projects/azimbalife055/locations/us-central1/operations/operation-1753874333903-63b23b0a72c10-f56f413d-30be6713","metadata":{"@type":"type.googleapis.com/google.cloud.functions.v2.OperationMetadata","createTime":"2025-07-30T11:18:54.758291228Z","target":"projects/azimbalife055/locations/us-central1/functions/confirmAppointment","verb":"update","cancelRequested":false,"apiVersion":"v2","requestResource":{"@type":"type.googleapis.com/google.cloud.functions.v2.Function","name":"projects/azimbalife055/locations/us-central1/functions/confirmAppointment","buildConfig":{"runtime":"nodejs22","entryPoint":"confirmAppointment","source":{"storageSource":{"bucket":"gcf-v2-sources-78443464091-us-central1","object":"confirmAppointment/function-source.zip","generation":"1753874334708588"}},"environmentVariables":{"GOOGLE_NODE_RUN_SCRIPTS":""},"dockerRepository":"projects/azimbalife055/locations/us-central1/repositories/gcf-artifacts","sourceProvenance":{"resolvedStorageSource":{"bucket":"gcf-v2-sources-78443464091-us-central1","object":"confirmAppointment/function-source.zip","generation":"1753872818230149"}},"dockerRegistry":"ARTIFACT_REGISTRY","serviceAccount":"projects/azimbalife055/serviceAccounts/78443464091-compute@developer.gserviceaccount.com","automaticUpdatePolicy":{}},"serviceConfig":{"service":"projects/azimbalife055/locations/us-central1/services/confirmappointment","timeoutSeconds":60,"environmentVariables":{"FIREBASE_CONFIG":"{\"projectId\":\"azimbalife055\",\"databaseURL\":\"https://azimbalife055-default-rtdb.firebaseio.com\",\"storageBucket\":\"azimbalife055.firebasestorage.app\"}","GCLOUD_PROJECT":"azimbalife055","EVENTARC_CLOUD_EVENT_SOURCE":"projects/azimbalife055/locations/us-central1/services/confirmAppointment","FUNCTION_TARGET":"confirmAppointment","LOG_EXECUTION_ID":"true"},"maxInstanceCount":10,"ingressSettings":"ALLOW_ALL","uri":"https://confirmappointment-vy6tk2hf5q-uc.a.run.app","serviceAccountEmail":"78443464091-compute@developer.gserviceaccount.com","availableMemory":"256Mi","allTrafficOnLatestRevision":true,"revision":"confirmappointment-00016-bel","maxInstanceRequestConcurrency":80,"availableCpu":"1"},"state":"ACTIVE","labels":{"deployment-tool":"cli-firebase","firebase-functions-hash":"22a1da7fe85f1465e471ef10bf7151bfb1428d36"},"environment":"GEN_2","url":"https://us-central1-azimbalife055.cloudfunctions.net/confirmAppointment","satisfiesPzi":true},"stages":[{"name":"BUILD","message":"Build in progress","state":"IN_PROGRESS","resource":"projects/78443464091/locations/us-central1/builds/78068d97-15fe-4a1a-86e6-1251676491f1","resourceUri":"https://console.cloud.google.com/cloud-build/builds;region=us-central1/78068d97-15fe-4a1a-86e6-1251676491f1?project=78443464091"},{"name":"SERVICE","state":"NOT_STARTED"}],"operationType":"UPDATE_FUNCTION","buildName":"projects/78443464091/locations/us-central1/builds/78068d97-15fe-4a1a-86e6-1251676491f1"},"done":false}
[debug] [2025-07-30T11:19:01.828Z] [update-default-us-central1-confirmAppointment] Retrying task index 0
[debug] [2025-07-30T11:19:01.829Z] Checked if tokens are valid: true, expires at: 1753877672277
[debug] [2025-07-30T11:19:01.830Z] Checked if tokens are valid: true, expires at: 1753877672277
[debug] [2025-07-30T11:19:01.830Z] >>> [apiv2][query] GET https://cloudfunctions.googleapis.com/v2/projects/azimbalife055/locations/us-central1/operations/operation-1753874333903-63b23b0a72c10-f56f413d-30be6713 [none]
[debug] [2025-07-30T11:19:03.514Z] <<< [apiv2][status] GET https://cloudfunctions.googleapis.com/v2/projects/azimbalife055/locations/us-central1/operations/operation-1753874333903-63b23b0a72c10-f56f413d-30be6713 200
[debug] [2025-07-30T11:19:03.515Z] <<< [apiv2][body] GET https://cloudfunctions.googleapis.com/v2/projects/azimbalife055/locations/us-central1/operations/operation-1753874333903-63b23b0a72c10-f56f413d-30be6713 {"name":"projects/azimbalife055/locations/us-central1/operations/operation-1753874333903-63b23b0a72c10-f56f413d-30be6713","metadata":{"@type":"type.googleapis.com/google.cloud.functions.v2.OperationMetadata","createTime":"2025-07-30T11:18:54.758291228Z","target":"projects/azimbalife055/locations/us-central1/functions/confirmAppointment","verb":"update","cancelRequested":false,"apiVersion":"v2","requestResource":{"@type":"type.googleapis.com/google.cloud.functions.v2.Function","name":"projects/azimbalife055/locations/us-central1/functions/confirmAppointment","buildConfig":{"runtime":"nodejs22","entryPoint":"confirmAppointment","source":{"storageSource":{"bucket":"gcf-v2-sources-78443464091-us-central1","object":"confirmAppointment/function-source.zip","generation":"1753874334708588"}},"environmentVariables":{"GOOGLE_NODE_RUN_SCRIPTS":""},"dockerRepository":"projects/azimbalife055/locations/us-central1/repositories/gcf-artifacts","sourceProvenance":{"resolvedStorageSource":{"bucket":"gcf-v2-sources-78443464091-us-central1","object":"confirmAppointment/function-source.zip","generation":"1753872818230149"}},"dockerRegistry":"ARTIFACT_REGISTRY","serviceAccount":"projects/azimbalife055/serviceAccounts/78443464091-compute@developer.gserviceaccount.com","automaticUpdatePolicy":{}},"serviceConfig":{"service":"projects/azimbalife055/locations/us-central1/services/confirmappointment","timeoutSeconds":60,"environmentVariables":{"FIREBASE_CONFIG":"{\"projectId\":\"azimbalife055\",\"databaseURL\":\"https://azimbalife055-default-rtdb.firebaseio.com\",\"storageBucket\":\"azimbalife055.firebasestorage.app\"}","GCLOUD_PROJECT":"azimbalife055","EVENTARC_CLOUD_EVENT_SOURCE":"projects/azimbalife055/locations/us-central1/services/confirmAppointment","FUNCTION_TARGET":"confirmAppointment","LOG_EXECUTION_ID":"true"},"maxInstanceCount":10,"ingressSettings":"ALLOW_ALL","uri":"https://confirmappointment-vy6tk2hf5q-uc.a.run.app","serviceAccountEmail":"78443464091-compute@developer.gserviceaccount.com","availableMemory":"256Mi","allTrafficOnLatestRevision":true,"revision":"confirmappointment-00016-bel","maxInstanceRequestConcurrency":80,"availableCpu":"1"},"state":"ACTIVE","labels":{"deployment-tool":"cli-firebase","firebase-functions-hash":"22a1da7fe85f1465e471ef10bf7151bfb1428d36"},"environment":"GEN_2","url":"https://us-central1-azimbalife055.cloudfunctions.net/confirmAppointment","satisfiesPzi":true},"stages":[{"name":"BUILD","message":"Build in progress","state":"IN_PROGRESS","resource":"projects/78443464091/locations/us-central1/builds/78068d97-15fe-4a1a-86e6-1251676491f1","resourceUri":"https://console.cloud.google.com/cloud-build/builds;region=us-central1/78068d97-15fe-4a1a-86e6-1251676491f1?project=78443464091"},{"name":"SERVICE","state":"NOT_STARTED"}],"operationType":"UPDATE_FUNCTION","buildName":"projects/78443464091/locations/us-central1/builds/78068d97-15fe-4a1a-86e6-1251676491f1"},"done":false}
[debug] [2025-07-30T11:19:07.531Z] [update-default-us-central1-confirmAppointment] Retrying task index 0
[debug] [2025-07-30T11:19:07.532Z] Checked if tokens are valid: true, expires at: 1753877672277
[debug] [2025-07-30T11:19:07.532Z] Checked if tokens are valid: true, expires at: 1753877672277
[debug] [2025-07-30T11:19:07.533Z] >>> [apiv2][query] GET https://cloudfunctions.googleapis.com/v2/projects/azimbalife055/locations/us-central1/operations/operation-1753874333903-63b23b0a72c10-f56f413d-30be6713 [none]
[debug] [2025-07-30T11:19:08.428Z] <<< [apiv2][status] GET https://cloudfunctions.googleapis.com/v2/projects/azimbalife055/locations/us-central1/operations/operation-1753874333903-63b23b0a72c10-f56f413d-30be6713 200
[debug] [2025-07-30T11:19:08.428Z] <<< [apiv2][body] GET https://cloudfunctions.googleapis.com/v2/projects/azimbalife055/locations/us-central1/operations/operation-1753874333903-63b23b0a72c10-f56f413d-30be6713 {"name":"projects/azimbalife055/locations/us-central1/operations/operation-1753874333903-63b23b0a72c10-f56f413d-30be6713","metadata":{"@type":"type.googleapis.com/google.cloud.functions.v2.OperationMetadata","createTime":"2025-07-30T11:18:54.758291228Z","target":"projects/azimbalife055/locations/us-central1/functions/confirmAppointment","verb":"update","cancelRequested":false,"apiVersion":"v2","requestResource":{"@type":"type.googleapis.com/google.cloud.functions.v2.Function","name":"projects/azimbalife055/locations/us-central1/functions/confirmAppointment","buildConfig":{"runtime":"nodejs22","entryPoint":"confirmAppointment","source":{"storageSource":{"bucket":"gcf-v2-sources-78443464091-us-central1","object":"confirmAppointment/function-source.zip","generation":"1753874334708588"}},"environmentVariables":{"GOOGLE_NODE_RUN_SCRIPTS":""},"dockerRepository":"projects/azimbalife055/locations/us-central1/repositories/gcf-artifacts","sourceProvenance":{"resolvedStorageSource":{"bucket":"gcf-v2-sources-78443464091-us-central1","object":"confirmAppointment/function-source.zip","generation":"1753872818230149"}},"dockerRegistry":"ARTIFACT_REGISTRY","serviceAccount":"projects/azimbalife055/serviceAccounts/78443464091-compute@developer.gserviceaccount.com","automaticUpdatePolicy":{}},"serviceConfig":{"service":"projects/azimbalife055/locations/us-central1/services/confirmappointment","timeoutSeconds":60,"environmentVariables":{"FIREBASE_CONFIG":"{\"projectId\":\"azimbalife055\",\"databaseURL\":\"https://azimbalife055-default-rtdb.firebaseio.com\",\"storageBucket\":\"azimbalife055.firebasestorage.app\"}","GCLOUD_PROJECT":"azimbalife055","EVENTARC_CLOUD_EVENT_SOURCE":"projects/azimbalife055/locations/us-central1/services/confirmAppointment","FUNCTION_TARGET":"confirmAppointment","LOG_EXECUTION_ID":"true"},"maxInstanceCount":10,"ingressSettings":"ALLOW_ALL","uri":"https://confirmappointment-vy6tk2hf5q-uc.a.run.app","serviceAccountEmail":"78443464091-compute@developer.gserviceaccount.com","availableMemory":"256Mi","allTrafficOnLatestRevision":true,"revision":"confirmappointment-00016-bel","maxInstanceRequestConcurrency":80,"availableCpu":"1"},"state":"ACTIVE","labels":{"deployment-tool":"cli-firebase","firebase-functions-hash":"22a1da7fe85f1465e471ef10bf7151bfb1428d36"},"environment":"GEN_2","url":"https://us-central1-azimbalife055.cloudfunctions.net/confirmAppointment","satisfiesPzi":true},"stages":[{"name":"BUILD","message":"Build in progress","state":"IN_PROGRESS","resource":"projects/78443464091/locations/us-central1/builds/78068d97-15fe-4a1a-86e6-1251676491f1","resourceUri":"https://console.cloud.google.com/cloud-build/builds;region=us-central1/78068d97-15fe-4a1a-86e6-1251676491f1?project=78443464091"},{"name":"SERVICE","state":"NOT_STARTED"}],"operationType":"UPDATE_FUNCTION","buildName":"projects/78443464091/locations/us-central1/builds/78068d97-15fe-4a1a-86e6-1251676491f1"},"done":false}
[debug] [2025-07-30T11:19:16.437Z] [update-default-us-central1-confirmAppointment] Retrying task index 0
[debug] [2025-07-30T11:19:16.438Z] Checked if tokens are valid: true, expires at: 1753877672277
[debug] [2025-07-30T11:19:16.439Z] Checked if tokens are valid: true, expires at: 1753877672277
[debug] [2025-07-30T11:19:16.440Z] >>> [apiv2][query] GET https://cloudfunctions.googleapis.com/v2/projects/azimbalife055/locations/us-central1/operations/operation-1753874333903-63b23b0a72c10-f56f413d-30be6713 [none]
[debug] [2025-07-30T11:19:19.491Z] <<< [apiv2][status] GET https://cloudfunctions.googleapis.com/v2/projects/azimbalife055/locations/us-central1/operations/operation-1753874333903-63b23b0a72c10-f56f413d-30be6713 200
[debug] [2025-07-30T11:19:19.491Z] <<< [apiv2][body] GET https://cloudfunctions.googleapis.com/v2/projects/azimbalife055/locations/us-central1/operations/operation-1753874333903-63b23b0a72c10-f56f413d-30be6713 {"name":"projects/azimbalife055/locations/us-central1/operations/operation-1753874333903-63b23b0a72c10-f56f413d-30be6713","metadata":{"@type":"type.googleapis.com/google.cloud.functions.v2.OperationMetadata","createTime":"2025-07-30T11:18:54.758291228Z","target":"projects/azimbalife055/locations/us-central1/functions/confirmAppointment","verb":"update","cancelRequested":false,"apiVersion":"v2","requestResource":{"@type":"type.googleapis.com/google.cloud.functions.v2.Function","name":"projects/azimbalife055/locations/us-central1/functions/confirmAppointment","buildConfig":{"runtime":"nodejs22","entryPoint":"confirmAppointment","source":{"storageSource":{"bucket":"gcf-v2-sources-78443464091-us-central1","object":"confirmAppointment/function-source.zip","generation":"1753874334708588"}},"environmentVariables":{"GOOGLE_NODE_RUN_SCRIPTS":""},"dockerRepository":"projects/azimbalife055/locations/us-central1/repositories/gcf-artifacts","sourceProvenance":{"resolvedStorageSource":{"bucket":"gcf-v2-sources-78443464091-us-central1","object":"confirmAppointment/function-source.zip","generation":"1753872818230149"}},"dockerRegistry":"ARTIFACT_REGISTRY","serviceAccount":"projects/azimbalife055/serviceAccounts/78443464091-compute@developer.gserviceaccount.com","automaticUpdatePolicy":{}},"serviceConfig":{"service":"projects/azimbalife055/locations/us-central1/services/confirmappointment","timeoutSeconds":60,"environmentVariables":{"FIREBASE_CONFIG":"{\"projectId\":\"azimbalife055\",\"databaseURL\":\"https://azimbalife055-default-rtdb.firebaseio.com\",\"storageBucket\":\"azimbalife055.firebasestorage.app\"}","GCLOUD_PROJECT":"azimbalife055","EVENTARC_CLOUD_EVENT_SOURCE":"projects/azimbalife055/locations/us-central1/services/confirmAppointment","FUNCTION_TARGET":"confirmAppointment","LOG_EXECUTION_ID":"true"},"maxInstanceCount":10,"ingressSettings":"ALLOW_ALL","uri":"https://confirmappointment-vy6tk2hf5q-uc.a.run.app","serviceAccountEmail":"78443464091-compute@developer.gserviceaccount.com","availableMemory":"256Mi","allTrafficOnLatestRevision":true,"revision":"confirmappointment-00016-bel","maxInstanceRequestConcurrency":80,"availableCpu":"1"},"state":"ACTIVE","labels":{"deployment-tool":"cli-firebase","firebase-functions-hash":"22a1da7fe85f1465e471ef10bf7151bfb1428d36"},"environment":"GEN_2","url":"https://us-central1-azimbalife055.cloudfunctions.net/confirmAppointment","satisfiesPzi":true},"stages":[{"name":"BUILD","message":"Build in progress","state":"IN_PROGRESS","resource":"projects/78443464091/locations/us-central1/builds/78068d97-15fe-4a1a-86e6-1251676491f1","resourceUri":"https://console.cloud.google.com/cloud-build/builds;region=us-central1/78068d97-15fe-4a1a-86e6-1251676491f1?project=78443464091"},{"name":"SERVICE","state":"NOT_STARTED"}],"operationType":"UPDATE_FUNCTION","buildName":"projects/78443464091/locations/us-central1/builds/78068d97-15fe-4a1a-86e6-1251676491f1"},"done":false}
[debug] [2025-07-30T11:19:29.500Z] [update-default-us-central1-confirmAppointment] Retrying task index 0
[debug] [2025-07-30T11:19:29.501Z] Checked if tokens are valid: true, expires at: 1753877672277
[debug] [2025-07-30T11:19:29.501Z] Checked if tokens are valid: true, expires at: 1753877672277
[debug] [2025-07-30T11:19:29.502Z] >>> [apiv2][query] GET https://cloudfunctions.googleapis.com/v2/projects/azimbalife055/locations/us-central1/operations/operation-1753874333903-63b23b0a72c10-f56f413d-30be6713 [none]
[debug] [2025-07-30T11:19:31.164Z] <<< [apiv2][status] GET https://cloudfunctions.googleapis.com/v2/projects/azimbalife055/locations/us-central1/operations/operation-1753874333903-63b23b0a72c10-f56f413d-30be6713 200
[debug] [2025-07-30T11:19:31.165Z] <<< [apiv2][body] GET https://cloudfunctions.googleapis.com/v2/projects/azimbalife055/locations/us-central1/operations/operation-1753874333903-63b23b0a72c10-f56f413d-30be6713 {"name":"projects/azimbalife055/locations/us-central1/operations/operation-1753874333903-63b23b0a72c10-f56f413d-30be6713","metadata":{"@type":"type.googleapis.com/google.cloud.functions.v2.OperationMetadata","createTime":"2025-07-30T11:18:54.758291228Z","target":"projects/azimbalife055/locations/us-central1/functions/confirmAppointment","verb":"update","cancelRequested":false,"apiVersion":"v2","requestResource":{"@type":"type.googleapis.com/google.cloud.functions.v2.Function","name":"projects/azimbalife055/locations/us-central1/functions/confirmAppointment","buildConfig":{"runtime":"nodejs22","entryPoint":"confirmAppointment","source":{"storageSource":{"bucket":"gcf-v2-sources-78443464091-us-central1","object":"confirmAppointment/function-source.zip","generation":"1753874334708588"}},"environmentVariables":{"GOOGLE_NODE_RUN_SCRIPTS":""},"dockerRepository":"projects/azimbalife055/locations/us-central1/repositories/gcf-artifacts","sourceProvenance":{"resolvedStorageSource":{"bucket":"gcf-v2-sources-78443464091-us-central1","object":"confirmAppointment/function-source.zip","generation":"1753872818230149"}},"dockerRegistry":"ARTIFACT_REGISTRY","serviceAccount":"projects/azimbalife055/serviceAccounts/78443464091-compute@developer.gserviceaccount.com","automaticUpdatePolicy":{}},"serviceConfig":{"service":"projects/azimbalife055/locations/us-central1/services/confirmappointment","timeoutSeconds":60,"environmentVariables":{"FIREBASE_CONFIG":"{\"projectId\":\"azimbalife055\",\"databaseURL\":\"https://azimbalife055-default-rtdb.firebaseio.com\",\"storageBucket\":\"azimbalife055.firebasestorage.app\"}","GCLOUD_PROJECT":"azimbalife055","EVENTARC_CLOUD_EVENT_SOURCE":"projects/azimbalife055/locations/us-central1/services/confirmAppointment","FUNCTION_TARGET":"confirmAppointment","LOG_EXECUTION_ID":"true"},"maxInstanceCount":10,"ingressSettings":"ALLOW_ALL","uri":"https://confirmappointment-vy6tk2hf5q-uc.a.run.app","serviceAccountEmail":"78443464091-compute@developer.gserviceaccount.com","availableMemory":"256Mi","allTrafficOnLatestRevision":true,"revision":"confirmappointment-00016-bel","maxInstanceRequestConcurrency":80,"availableCpu":"1"},"state":"ACTIVE","labels":{"deployment-tool":"cli-firebase","firebase-functions-hash":"22a1da7fe85f1465e471ef10bf7151bfb1428d36"},"environment":"GEN_2","url":"https://us-central1-azimbalife055.cloudfunctions.net/confirmAppointment","satisfiesPzi":true},"stages":[{"name":"BUILD","message":"Build in progress","state":"IN_PROGRESS","resource":"projects/78443464091/locations/us-central1/builds/78068d97-15fe-4a1a-86e6-1251676491f1","resourceUri":"https://console.cloud.google.com/cloud-build/builds;region=us-central1/78068d97-15fe-4a1a-86e6-1251676491f1?project=78443464091"},{"name":"SERVICE","state":"NOT_STARTED"}],"operationType":"UPDATE_FUNCTION","buildName":"projects/78443464091/locations/us-central1/builds/78068d97-15fe-4a1a-86e6-1251676491f1"},"done":false}
[debug] [2025-07-30T11:19:41.180Z] [update-default-us-central1-confirmAppointment] Retrying task index 0
[debug] [2025-07-30T11:19:41.181Z] Checked if tokens are valid: true, expires at: 1753877672277
[debug] [2025-07-30T11:19:41.181Z] Checked if tokens are valid: true, expires at: 1753877672277
[debug] [2025-07-30T11:19:41.182Z] >>> [apiv2][query] GET https://cloudfunctions.googleapis.com/v2/projects/azimbalife055/locations/us-central1/operations/operation-1753874333903-63b23b0a72c10-f56f413d-30be6713 [none]
[debug] [2025-07-30T11:19:42.941Z] <<< [apiv2][status] GET https://cloudfunctions.googleapis.com/v2/projects/azimbalife055/locations/us-central1/operations/operation-1753874333903-63b23b0a72c10-f56f413d-30be6713 200
[debug] [2025-07-30T11:19:42.941Z] <<< [apiv2][body] GET https://cloudfunctions.googleapis.com/v2/projects/azimbalife055/locations/us-central1/operations/operation-1753874333903-63b23b0a72c10-f56f413d-30be6713 {"name":"projects/azimbalife055/locations/us-central1/operations/operation-1753874333903-63b23b0a72c10-f56f413d-30be6713","metadata":{"@type":"type.googleapis.com/google.cloud.functions.v2.OperationMetadata","createTime":"2025-07-30T11:18:54.758291228Z","target":"projects/azimbalife055/locations/us-central1/functions/confirmAppointment","verb":"update","cancelRequested":false,"apiVersion":"v2","requestResource":{"@type":"type.googleapis.com/google.cloud.functions.v2.Function","name":"projects/azimbalife055/locations/us-central1/functions/confirmAppointment","buildConfig":{"runtime":"nodejs22","entryPoint":"confirmAppointment","source":{"storageSource":{"bucket":"gcf-v2-sources-78443464091-us-central1","object":"confirmAppointment/function-source.zip","generation":"1753874334708588"}},"environmentVariables":{"GOOGLE_NODE_RUN_SCRIPTS":""},"dockerRepository":"projects/azimbalife055/locations/us-central1/repositories/gcf-artifacts","sourceProvenance":{"resolvedStorageSource":{"bucket":"gcf-v2-sources-78443464091-us-central1","object":"confirmAppointment/function-source.zip","generation":"1753872818230149"}},"dockerRegistry":"ARTIFACT_REGISTRY","serviceAccount":"projects/azimbalife055/serviceAccounts/78443464091-compute@developer.gserviceaccount.com","automaticUpdatePolicy":{}},"serviceConfig":{"service":"projects/azimbalife055/locations/us-central1/services/confirmappointment","timeoutSeconds":60,"environmentVariables":{"FIREBASE_CONFIG":"{\"projectId\":\"azimbalife055\",\"databaseURL\":\"https://azimbalife055-default-rtdb.firebaseio.com\",\"storageBucket\":\"azimbalife055.firebasestorage.app\"}","GCLOUD_PROJECT":"azimbalife055","EVENTARC_CLOUD_EVENT_SOURCE":"projects/azimbalife055/locations/us-central1/services/confirmAppointment","FUNCTION_TARGET":"confirmAppointment","LOG_EXECUTION_ID":"true"},"maxInstanceCount":10,"ingressSettings":"ALLOW_ALL","uri":"https://confirmappointment-vy6tk2hf5q-uc.a.run.app","serviceAccountEmail":"78443464091-compute@developer.gserviceaccount.com","availableMemory":"256Mi","allTrafficOnLatestRevision":true,"revision":"confirmappointment-00016-bel","maxInstanceRequestConcurrency":80,"availableCpu":"1"},"state":"ACTIVE","labels":{"deployment-tool":"cli-firebase","firebase-functions-hash":"22a1da7fe85f1465e471ef10bf7151bfb1428d36"},"environment":"GEN_2","url":"https://us-central1-azimbalife055.cloudfunctions.net/confirmAppointment","satisfiesPzi":true},"stages":[{"name":"BUILD","message":"Build in progress","state":"IN_PROGRESS","resource":"projects/78443464091/locations/us-central1/builds/78068d97-15fe-4a1a-86e6-1251676491f1","resourceUri":"https://console.cloud.google.com/cloud-build/builds;region=us-central1/78068d97-15fe-4a1a-86e6-1251676491f1?project=78443464091"},{"name":"SERVICE","state":"NOT_STARTED"}],"operationType":"UPDATE_FUNCTION","buildName":"projects/78443464091/locations/us-central1/builds/78068d97-15fe-4a1a-86e6-1251676491f1"},"done":false}
[debug] [2025-07-30T11:19:52.948Z] [update-default-us-central1-confirmAppointment] Retrying task index 0
[debug] [2025-07-30T11:19:52.949Z] Checked if tokens are valid: true, expires at: 1753877672277
[debug] [2025-07-30T11:19:52.950Z] Checked if tokens are valid: true, expires at: 1753877672277
[debug] [2025-07-30T11:19:52.950Z] >>> [apiv2][query] GET https://cloudfunctions.googleapis.com/v2/projects/azimbalife055/locations/us-central1/operations/operation-1753874333903-63b23b0a72c10-f56f413d-30be6713 [none]
[debug] [2025-07-30T11:19:55.436Z] <<< [apiv2][status] GET https://cloudfunctions.googleapis.com/v2/projects/azimbalife055/locations/us-central1/operations/operation-1753874333903-63b23b0a72c10-f56f413d-30be6713 200
[debug] [2025-07-30T11:19:55.437Z] <<< [apiv2][body] GET https://cloudfunctions.googleapis.com/v2/projects/azimbalife055/locations/us-central1/operations/operation-1753874333903-63b23b0a72c10-f56f413d-30be6713 {"name":"projects/azimbalife055/locations/us-central1/operations/operation-1753874333903-63b23b0a72c10-f56f413d-30be6713","metadata":{"@type":"type.googleapis.com/google.cloud.functions.v2.OperationMetadata","createTime":"2025-07-30T11:18:54.758291228Z","endTime":"2025-07-30T11:19:52.007565039Z","target":"projects/azimbalife055/locations/us-central1/functions/confirmAppointment","verb":"update","cancelRequested":false,"apiVersion":"v2","requestResource":{"@type":"type.googleapis.com/google.cloud.functions.v2.Function","name":"projects/azimbalife055/locations/us-central1/functions/confirmAppointment","buildConfig":{"runtime":"nodejs22","entryPoint":"confirmAppointment","source":{"storageSource":{"bucket":"gcf-v2-sources-78443464091-us-central1","object":"confirmAppointment/function-source.zip","generation":"1753874334708588"}},"environmentVariables":{"GOOGLE_NODE_RUN_SCRIPTS":""},"dockerRepository":"projects/azimbalife055/locations/us-central1/repositories/gcf-artifacts","sourceProvenance":{"resolvedStorageSource":{"bucket":"gcf-v2-sources-78443464091-us-central1","object":"confirmAppointment/function-source.zip","generation":"1753872818230149"}},"dockerRegistry":"ARTIFACT_REGISTRY","serviceAccount":"projects/azimbalife055/serviceAccounts/78443464091-compute@developer.gserviceaccount.com","automaticUpdatePolicy":{}},"serviceConfig":{"service":"projects/azimbalife055/locations/us-central1/services/confirmappointment","timeoutSeconds":60,"environmentVariables":{"FIREBASE_CONFIG":"{\"projectId\":\"azimbalife055\",\"databaseURL\":\"https://azimbalife055-default-rtdb.firebaseio.com\",\"storageBucket\":\"azimbalife055.firebasestorage.app\"}","GCLOUD_PROJECT":"azimbalife055","EVENTARC_CLOUD_EVENT_SOURCE":"projects/azimbalife055/locations/us-central1/services/confirmAppointment","FUNCTION_TARGET":"confirmAppointment","LOG_EXECUTION_ID":"true"},"maxInstanceCount":10,"ingressSettings":"ALLOW_ALL","uri":"https://confirmappointment-vy6tk2hf5q-uc.a.run.app","serviceAccountEmail":"78443464091-compute@developer.gserviceaccount.com","availableMemory":"256Mi","allTrafficOnLatestRevision":true,"revision":"confirmappointment-00016-bel","maxInstanceRequestConcurrency":80,"availableCpu":"1"},"state":"ACTIVE","labels":{"deployment-tool":"cli-firebase","firebase-functions-hash":"22a1da7fe85f1465e471ef10bf7151bfb1428d36"},"environment":"GEN_2","url":"https://us-central1-azimbalife055.cloudfunctions.net/confirmAppointment","satisfiesPzi":true},"stages":[{"name":"BUILD","message":"Build finished","state":"COMPLETE","resource":"projects/78443464091/locations/us-central1/builds/78068d97-15fe-4a1a-86e6-1251676491f1","resourceUri":"https://console.cloud.google.com/cloud-build/builds;region=us-central1/78068d97-15fe-4a1a-86e6-1251676491f1?project=78443464091"},{"name":"SERVICE","message":"Updating Cloud Run service","state":"COMPLETE","resource":"projects/azimbalife055/locations/us-central1/services/confirmappointment","resourceUri":"https://console.cloud.google.com/run/detail/us-central1/confirmappointment?project=azimbalife055","stateMessages":[{"severity":"INFO","type":"CloudRunServiceNewRevisionTrafficInfo","message":"A new revision will be deployed serving with 100% traffic."}]}],"sourceToken":"ClZwcm9qZWN0cy83ODQ0MzQ2NDA5MS9sb2NhdGlvbnMvdXMtY2VudHJhbDEvYnVpbGRzLzc4MDY4ZDk3LTE1ZmUtNGExYS04NmU2LTEyNTE2NzY0OTFmMRJxdXMtY2VudHJhbDEtZG9ja2VyLnBrZy5kZXYvYXppbWJhbGlmZTA1NS9nY2YtYXJ0aWZhY3RzL2F6aW1iYWxpZmUwNTVfX3VzLS1jZW50cmFsMV9fY29uZmlybV9hcHBvaW50bWVudDp2ZXJzaW9uXzEYm4vhnKQCIklwcm9qZWN0cy9hemltYmFsaWZlMDU1L2xvY2F0aW9ucy91cy1jZW50cmFsMS9mdW5jdGlvbnMvY29uZmlybUFwcG9pbnRtZW50KgsIzv+nxAYQ2OnyezIIbm9kZWpzMjI6dgojZ2NyLmlvL2dhZS1ydW50aW1lcy9ub2RlanMyMjpzdGFibGUST3VzLWNlbnRyYWwxLWRvY2tlci5wa2cuZGV2L3NlcnZlcmxlc3MtcnVudGltZXMvZ29vZ2xlLTIyLWZ1bGwvcnVudGltZXMvbm9kZWpzMjJAAQ==","operationType":"UPDATE_FUNCTION","buildName":"projects/78443464091/locations/us-central1/builds/78068d97-15fe-4a1a-86e6-1251676491f1"},"done":true,"response":{"@type":"type.googleapis.com/google.cloud.functions.v2.Function","name":"projects/azimbalife055/locations/us-central1/functions/confirmAppointment","buildConfig":{"build":"projects/78443464091/locations/us-central1/builds/78068d97-15fe-4a1a-86e6-1251676491f1","runtime":"nodejs22","entryPoint":"confirmAppointment","source":{"storageSource":{"bucket":"gcf-v2-sources-78443464091-us-central1","object":"confirmAppointment/function-source.zip","generation":"1753874334708588"}},"environmentVariables":{"GOOGLE_NODE_RUN_SCRIPTS":""},"dockerRepository":"projects/azimbalife055/locations/us-central1/repositories/gcf-artifacts","sourceProvenance":{"resolvedStorageSource":{"bucket":"gcf-v2-sources-78443464091-us-central1","object":"confirmAppointment/function-source.zip","generation":"1753874334708588"}},"dockerRegistry":"ARTIFACT_REGISTRY","serviceAccount":"projects/azimbalife055/serviceAccounts/78443464091-compute@developer.gserviceaccount.com","automaticUpdatePolicy":{}},"serviceConfig":{"service":"projects/azimbalife055/locations/us-central1/services/confirmappointment","timeoutSeconds":60,"environmentVariables":{"FIREBASE_CONFIG":"{\"projectId\":\"azimbalife055\",\"databaseURL\":\"https://azimbalife055-default-rtdb.firebaseio.com\",\"storageBucket\":\"azimbalife055.firebasestorage.app\"}","GCLOUD_PROJECT":"azimbalife055","EVENTARC_CLOUD_EVENT_SOURCE":"projects/azimbalife055/locations/us-central1/services/confirmAppointment","FUNCTION_TARGET":"confirmAppointment","LOG_EXECUTION_ID":"true"},"maxInstanceCount":10,"ingressSettings":"ALLOW_ALL","uri":"https://confirmappointment-vy6tk2hf5q-uc.a.run.app","serviceAccountEmail":"78443464091-compute@developer.gserviceaccount.com","availableMemory":"256Mi","allTrafficOnLatestRevision":true,"revision":"confirmappointment-00017-nak","maxInstanceRequestConcurrency":80,"availableCpu":"1"},"state":"ACTIVE","updateTime":"2025-07-30T11:18:54.760765431Z","labels":{"firebase-functions-hash":"22a1da7fe85f1465e471ef10bf7151bfb1428d36","deployment-tool":"cli-firebase"},"environment":"GEN_2","url":"https://us-central1-azimbalife055.cloudfunctions.net/confirmAppointment","createTime":"2025-07-24T19:43:54.611466338Z","satisfiesPzi":true}}
[debug] [2025-07-30T11:19:55.438Z] Got source token ClZwcm9qZWN0cy83ODQ0MzQ2NDA5MS9sb2NhdGlvbnMvdXMtY2VudHJhbDEvYnVpbGRzLzc4MDY4ZDk3LTE1ZmUtNGExYS04NmU2LTEyNTE2NzY0OTFmMRJxdXMtY2VudHJhbDEtZG9ja2VyLnBrZy5kZXYvYXppbWJhbGlmZTA1NS9nY2YtYXJ0aWZhY3RzL2F6aW1iYWxpZmUwNTVfX3VzLS1jZW50cmFsMV9fY29uZmlybV9hcHBvaW50bWVudDp2ZXJzaW9uXzEYm4vhnKQCIklwcm9qZWN0cy9hemltYmFsaWZlMDU1L2xvY2F0aW9ucy91cy1jZW50cmFsMS9mdW5jdGlvbnMvY29uZmlybUFwcG9pbnRtZW50KgsIzv+nxAYQ2OnyezIIbm9kZWpzMjI6dgojZ2NyLmlvL2dhZS1ydW50aW1lcy9ub2RlanMyMjpzdGFibGUST3VzLWNlbnRyYWwxLWRvY2tlci5wa2cuZGV2L3NlcnZlcmxlc3MtcnVudGltZXMvZ29vZ2xlLTIyLWZ1bGwvcnVudGltZXMvbm9kZWpzMjJAAQ== for region us-central1
[info] +  functions[confirmAppointment(us-central1)] Successful update operation. 
[debug] [2025-07-30T11:19:55.450Z] Total Function Deployment time: 62350
[debug] [2025-07-30T11:19:55.451Z] 1 Functions Deployed
[debug] [2025-07-30T11:19:55.451Z] 0 Functions Errored
[debug] [2025-07-30T11:19:55.452Z] 0 Function Deployments Aborted
[debug] [2025-07-30T11:19:55.452Z] Average Function Deployment time: 62349
[info] Function URL (confirmAppointment(us-central1)): https://confirmappointment-vy6tk2hf5q-uc.a.run.app
[debug] [2025-07-30T11:19:56.460Z] Checked if tokens are valid: true, expires at: 1753877672277
[debug] [2025-07-30T11:19:56.461Z] Checked if tokens are valid: true, expires at: 1753877672277
[debug] [2025-07-30T11:19:56.461Z] >>> [apiv2][query] GET https://artifactregistry.googleapis.com/v1/projects/azimbalife055/locations/us-central1/repositories/gcf-artifacts [none]
[debug] [2025-07-30T11:19:58.263Z] <<< [apiv2][status] GET https://artifactregistry.googleapis.com/v1/projects/azimbalife055/locations/us-central1/repositories/gcf-artifacts 200
[debug] [2025-07-30T11:19:58.264Z] <<< [apiv2][body] GET https://artifactregistry.googleapis.com/v1/projects/azimbalife055/locations/us-central1/repositories/gcf-artifacts {"name":"projects/azimbalife055/locations/us-central1/repositories/gcf-artifacts","format":"DOCKER","description":"This repository is created and used by Cloud Functions for storing function docker images.","labels":{"goog-managed-by":"cloudfunctions"},"createTime":"2025-07-24T19:44:03.887665Z","updateTime":"2025-07-30T11:19:24.473668Z","mode":"STANDARD_REPOSITORY","cleanupPolicies":{"firebase-functions-cleanup":{"id":"firebase-functions-cleanup","action":"DELETE","condition":{"tagState":"ANY","olderThan":"86400s"}}},"sizeBytes":"189871762","vulnerabilityScanningConfig":{"lastEnableTime":"2025-07-24T19:43:54.822142777Z","enablementState":"SCANNING_DISABLED","enablementStateReason":"API containerscanning.googleapis.com is not enabled."},"satisfiesPzi":true,"registryUri":"us-central1-docker.pkg.dev/azimbalife055/gcf-artifacts"}
[info] 
[info] +  Deploy complete! 
[info] 
[info] Project Console: https://console.firebase.google.com/project/azimbalife055/overview
[debug] [2025-07-30T11:28:21.303Z] ----------------------------------------------------------------------
[debug] [2025-07-30T11:28:21.308Z] Command:       C:\Program Files\nodejs\node.exe C:\Users\agath\AppData\Roaming\npm\node_modules\firebase-tools\lib\bin\firebase.js deploy --only functions --debug
[debug] [2025-07-30T11:28:21.309Z] CLI Version:   14.11.1
[debug] [2025-07-30T11:28:21.309Z] Platform:      win32
[debug] [2025-07-30T11:28:21.310Z] Node Version:  v22.17.1
[debug] [2025-07-30T11:28:21.310Z] Time:          Wed Jul 30 2025 14:28:21 GMT+0300 (East Africa Time)
[debug] [2025-07-30T11:28:21.310Z] ----------------------------------------------------------------------
[debug] 
[debug] [2025-07-30T11:28:21.715Z] > command requires scopes: ["email","openid","https://www.googleapis.com/auth/cloudplatformprojects.readonly","https://www.googleapis.com/auth/firebase","https://www.googleapis.com/auth/cloud-platform"]
[debug] [2025-07-30T11:28:21.717Z] > authorizing via signed-in user (ssenkubugeabbey055@gmail.com)
[debug] [2025-07-30T11:28:21.718Z] [iam] checking project azimbalife055 for permissions ["cloudfunctions.functions.create","cloudfunctions.functions.delete","cloudfunctions.functions.get","cloudfunctions.functions.list","cloudfunctions.functions.update","cloudfunctions.operations.get","firebase.projects.get"]
[debug] [2025-07-30T11:28:21.720Z] Checked if tokens are valid: true, expires at: 1753877672277
[debug] [2025-07-30T11:28:21.721Z] Checked if tokens are valid: true, expires at: 1753877672277
[debug] [2025-07-30T11:28:21.723Z] >>> [apiv2][query] POST https://cloudresourcemanager.googleapis.com/v1/projects/azimbalife055:testIamPermissions [none]
[debug] [2025-07-30T11:28:21.724Z] >>> [apiv2][(partial)header] POST https://cloudresourcemanager.googleapis.com/v1/projects/azimbalife055:testIamPermissions x-goog-quota-user=projects/azimbalife055
[debug] [2025-07-30T11:28:21.728Z] >>> [apiv2][body] POST https://cloudresourcemanager.googleapis.com/v1/projects/azimbalife055:testIamPermissions {"permissions":["cloudfunctions.functions.create","cloudfunctions.functions.delete","cloudfunctions.functions.get","cloudfunctions.functions.list","cloudfunctions.functions.update","cloudfunctions.operations.get","firebase.projects.get"]}
[debug] [2025-07-30T11:28:25.131Z] <<< [apiv2][status] POST https://cloudresourcemanager.googleapis.com/v1/projects/azimbalife055:testIamPermissions 200
[debug] [2025-07-30T11:28:25.132Z] <<< [apiv2][body] POST https://cloudresourcemanager.googleapis.com/v1/projects/azimbalife055:testIamPermissions {"permissions":["cloudfunctions.functions.create","cloudfunctions.functions.delete","cloudfunctions.functions.get","cloudfunctions.functions.list","cloudfunctions.functions.update","cloudfunctions.operations.get","firebase.projects.get"]}
[debug] [2025-07-30T11:28:25.133Z] Checked if tokens are valid: true, expires at: 1753877672277
[debug] [2025-07-30T11:28:25.134Z] Checked if tokens are valid: true, expires at: 1753877672277
[debug] [2025-07-30T11:28:25.134Z] >>> [apiv2][query] POST https://iam.googleapis.com/v1/projects/azimbalife055/serviceAccounts/azimbalife055@appspot.gserviceaccount.com:testIamPermissions [none]
[debug] [2025-07-30T11:28:25.134Z] >>> [apiv2][body] POST https://iam.googleapis.com/v1/projects/azimbalife055/serviceAccounts/azimbalife055@appspot.gserviceaccount.com:testIamPermissions {"permissions":["iam.serviceAccounts.actAs"]}
[debug] [2025-07-30T11:28:27.473Z] <<< [apiv2][status] POST https://iam.googleapis.com/v1/projects/azimbalife055/serviceAccounts/azimbalife055@appspot.gserviceaccount.com:testIamPermissions 200
[debug] [2025-07-30T11:28:27.474Z] <<< [apiv2][body] POST https://iam.googleapis.com/v1/projects/azimbalife055/serviceAccounts/azimbalife055@appspot.gserviceaccount.com:testIamPermissions {"permissions":["iam.serviceAccounts.actAs"]}
[info] 
[info] === Deploying to 'azimbalife055'...
[info] 
[info] i  deploying functions 
[debug] [2025-07-30T11:28:27.482Z] Checked if tokens are valid: true, expires at: 1753877672277
[debug] [2025-07-30T11:28:27.483Z] Checked if tokens are valid: true, expires at: 1753877672277
[debug] [2025-07-30T11:28:27.483Z] >>> [apiv2][query] GET https://cloudresourcemanager.googleapis.com/v1/projects/azimbalife055 [none]
[debug] [2025-07-30T11:28:27.882Z] <<< [apiv2][status] GET https://cloudresourcemanager.googleapis.com/v1/projects/azimbalife055 200
[debug] [2025-07-30T11:28:27.883Z] <<< [apiv2][body] GET https://cloudresourcemanager.googleapis.com/v1/projects/azimbalife055 {"projectNumber":"78443464091","projectId":"azimbalife055","lifecycleState":"ACTIVE","name":"AZimbalife055","labels":{"firebase":"enabled","firebase-core":"disabled"},"createTime":"2025-07-08T10:17:47.243356Z"}
[info] i  functions: preparing codebase default for deployment 
[info] i  functions: ensuring required API cloudfunctions.googleapis.com is enabled... 
[info] i  functions: ensuring required API cloudbuild.googleapis.com is enabled... 
[info] i  artifactregistry: ensuring required API artifactregistry.googleapis.com is enabled... 
[debug] [2025-07-30T11:28:27.890Z] Checked if tokens are valid: true, expires at: 1753877672277
[debug] [2025-07-30T11:28:27.891Z] Checked if tokens are valid: true, expires at: 1753877672277
[debug] [2025-07-30T11:28:27.892Z] >>> [apiv2][query] GET https://firebase.googleapis.com/v1beta1/projects/azimbalife055/adminSdkConfig [none]
[debug] [2025-07-30T11:28:29.972Z] <<< [apiv2][status] GET https://firebase.googleapis.com/v1beta1/projects/azimbalife055/adminSdkConfig 200
[debug] [2025-07-30T11:28:29.973Z] <<< [apiv2][body] GET https://firebase.googleapis.com/v1beta1/projects/azimbalife055/adminSdkConfig {"projectId":"azimbalife055","databaseURL":"https://azimbalife055-default-rtdb.firebaseio.com","storageBucket":"azimbalife055.firebasestorage.app"}
[debug] [2025-07-30T11:28:29.974Z] Checked if tokens are valid: true, expires at: 1753877672277
[debug] [2025-07-30T11:28:29.975Z] Checked if tokens are valid: true, expires at: 1753877672277
[debug] [2025-07-30T11:28:29.976Z] >>> [apiv2][query] GET https://runtimeconfig.googleapis.com/v1beta1/projects/azimbalife055/configs [none]
[debug] [2025-07-30T11:28:31.977Z] <<< [apiv2][status] GET https://runtimeconfig.googleapis.com/v1beta1/projects/azimbalife055/configs 200
[debug] [2025-07-30T11:28:31.978Z] <<< [apiv2][body] GET https://runtimeconfig.googleapis.com/v1beta1/projects/azimbalife055/configs {}
[debug] [2025-07-30T11:28:31.983Z] Validating nodejs source
[debug] [2025-07-30T11:28:34.909Z] > [functions] package.json contents: {
  "name": "functions",
  "description": "Cloud Functions for Firebase",
  "scripts": {
    "lint": "eslint .",
    "serve": "firebase emulators:start --only functions",
    "shell": "firebase functions:shell",
    "start": "npm run shell",
    "deploy": "firebase deploy --only functions",
    "logs": "firebase functions:log"
  },
  "engines": {
    "node": "22"
  },
  "main": "index.js",
  "dependencies": {
    "firebase-admin": "^13.4.0",
    "firebase-functions": "^6.4.0",
    "nodemailer": "^7.0.5"
  },
  "devDependencies": {
    "eslint": "^8.15.0",
    "eslint-config-google": "^0.14.0",
    "firebase-functions-test": "^3.1.0"
  },
  "private": true
}
[debug] [2025-07-30T11:28:34.911Z] Building nodejs source
[info] i  functions: Loading and analyzing source code for codebase default to determine what to deploy 
[debug] [2025-07-30T11:28:34.916Z] Could not find functions.yaml. Must use http discovery
[debug] [2025-07-30T11:28:34.950Z] Found firebase-functions binary at 'C:\Users\agath\Downloads\AZimbalife\functions\node_modules\.bin\firebase-functions'
[info] Serving at port 8704

[debug] [2025-07-30T11:28:36.678Z] Got response from /__/functions.yaml {"endpoints":{"confirmAppointment":{"availableMemoryMb":null,"timeoutSeconds":null,"minInstances":null,"maxInstances":10,"ingressSettings":null,"concurrency":null,"serviceAccountEmail":null,"vpc":null,"platform":"gcfv2","labels":{},"httpsTrigger":{},"entryPoint":"confirmAppointment"}},"specVersion":"v1alpha1","requiredAPIs":[],"extensions":{}}
[info] i  extensions: ensuring required API firebaseextensions.googleapis.com is enabled... 
[debug] [2025-07-30T11:28:40.760Z] > command requires scopes: ["email","openid","https://www.googleapis.com/auth/cloudplatformprojects.readonly","https://www.googleapis.com/auth/firebase","https://www.googleapis.com/auth/cloud-platform"]
[debug] [2025-07-30T11:28:40.761Z] > authorizing via signed-in user (ssenkubugeabbey055@gmail.com)
[debug] [2025-07-30T11:28:40.762Z] [iam] checking project azimbalife055 for permissions ["firebase.projects.get","firebaseextensions.instances.list"]
[debug] [2025-07-30T11:28:40.762Z] Checked if tokens are valid: true, expires at: 1753877672277
[debug] [2025-07-30T11:28:40.763Z] Checked if tokens are valid: true, expires at: 1753877672277
[debug] [2025-07-30T11:28:40.763Z] >>> [apiv2][query] POST https://cloudresourcemanager.googleapis.com/v1/projects/azimbalife055:testIamPermissions [none]
[debug] [2025-07-30T11:28:40.764Z] >>> [apiv2][(partial)header] POST https://cloudresourcemanager.googleapis.com/v1/projects/azimbalife055:testIamPermissions x-goog-quota-user=projects/azimbalife055
[debug] [2025-07-30T11:28:40.764Z] >>> [apiv2][body] POST https://cloudresourcemanager.googleapis.com/v1/projects/azimbalife055:testIamPermissions {"permissions":["firebase.projects.get","firebaseextensions.instances.list"]}
[debug] [2025-07-30T11:28:44.367Z] <<< [apiv2][status] POST https://cloudresourcemanager.googleapis.com/v1/projects/azimbalife055:testIamPermissions 200
[debug] [2025-07-30T11:28:44.368Z] <<< [apiv2][body] POST https://cloudresourcemanager.googleapis.com/v1/projects/azimbalife055:testIamPermissions {"permissions":["firebase.projects.get","firebaseextensions.instances.list"]}
[debug] [2025-07-30T11:28:44.369Z] Checked if tokens are valid: true, expires at: 1753877672277
[debug] [2025-07-30T11:28:44.369Z] Checked if tokens are valid: true, expires at: 1753877672277
[debug] [2025-07-30T11:28:44.370Z] >>> [apiv2][query] GET https://firebaseextensions.googleapis.com/v1beta/projects/azimbalife055/instances pageSize=100&pageToken=
[debug] [2025-07-30T11:28:46.931Z] <<< [apiv2][status] GET https://firebaseextensions.googleapis.com/v1beta/projects/azimbalife055/instances 200
[debug] [2025-07-30T11:28:46.932Z] <<< [apiv2][body] GET https://firebaseextensions.googleapis.com/v1beta/projects/azimbalife055/instances {}
[info] i  functions: preparing functions directory for uploading... 
[info] i  functions: packaged C:\Users\agath\Downloads\AZimbalife\functions (78.3 KB) for uploading 
[debug] [2025-07-30T11:28:47.037Z] Checked if tokens are valid: true, expires at: 1753877672277
[debug] [2025-07-30T11:28:47.038Z] Checked if tokens are valid: true, expires at: 1753877672277
[debug] [2025-07-30T11:28:47.038Z] >>> [apiv2][query] GET https://cloudfunctions.googleapis.com/v1/projects/azimbalife055/locations/-/functions [none]
[debug] [2025-07-30T11:28:48.670Z] <<< [apiv2][status] GET https://cloudfunctions.googleapis.com/v1/projects/azimbalife055/locations/-/functions 200
[debug] [2025-07-30T11:28:48.671Z] <<< [apiv2][body] GET https://cloudfunctions.googleapis.com/v1/projects/azimbalife055/locations/-/functions {}
[debug] [2025-07-30T11:28:48.672Z] Checked if tokens are valid: true, expires at: 1753877672277
[debug] [2025-07-30T11:28:48.672Z] Checked if tokens are valid: true, expires at: 1753877672277
[debug] [2025-07-30T11:28:48.673Z] >>> [apiv2][query] GET https://cloudfunctions.googleapis.com/v2/projects/azimbalife055/locations/-/functions filter=environment%3D%22GEN_2%22
[debug] [2025-07-30T11:28:49.942Z] <<< [apiv2][status] GET https://cloudfunctions.googleapis.com/v2/projects/azimbalife055/locations/-/functions 200
[debug] [2025-07-30T11:28:49.943Z] <<< [apiv2][body] GET https://cloudfunctions.googleapis.com/v2/projects/azimbalife055/locations/-/functions {"functions":[{"name":"projects/azimbalife055/locations/us-central1/functions/confirmAppointment","buildConfig":{"build":"projects/78443464091/locations/us-central1/builds/78068d97-15fe-4a1a-86e6-1251676491f1","runtime":"nodejs22","entryPoint":"confirmAppointment","source":{"storageSource":{"bucket":"gcf-v2-sources-78443464091-us-central1","object":"confirmAppointment/function-source.zip","generation":"1753874334708588"}},"environmentVariables":{"GOOGLE_NODE_RUN_SCRIPTS":""},"dockerRepository":"projects/azimbalife055/locations/us-central1/repositories/gcf-artifacts","sourceProvenance":{"resolvedStorageSource":{"bucket":"gcf-v2-sources-78443464091-us-central1","object":"confirmAppointment/function-source.zip","generation":"1753874334708588"}},"dockerRegistry":"ARTIFACT_REGISTRY","serviceAccount":"projects/azimbalife055/serviceAccounts/78443464091-compute@developer.gserviceaccount.com","automaticUpdatePolicy":{}},"serviceConfig":{"service":"projects/azimbalife055/locations/us-central1/services/confirmappointment","timeoutSeconds":60,"environmentVariables":{"FIREBASE_CONFIG":"{\"projectId\":\"azimbalife055\",\"databaseURL\":\"https://azimbalife055-default-rtdb.firebaseio.com\",\"storageBucket\":\"azimbalife055.firebasestorage.app\"}","GCLOUD_PROJECT":"azimbalife055","EVENTARC_CLOUD_EVENT_SOURCE":"projects/azimbalife055/locations/us-central1/services/confirmAppointment","FUNCTION_TARGET":"confirmAppointment","LOG_EXECUTION_ID":"true"},"maxInstanceCount":10,"ingressSettings":"ALLOW_ALL","uri":"https://confirmappointment-vy6tk2hf5q-uc.a.run.app","serviceAccountEmail":"78443464091-compute@developer.gserviceaccount.com","availableMemory":"256Mi","allTrafficOnLatestRevision":true,"revision":"confirmappointment-00017-nak","maxInstanceRequestConcurrency":80,"availableCpu":"1"},"state":"ACTIVE","updateTime":"2025-07-30T11:19:52.105581089Z","labels":{"firebase-functions-hash":"22a1da7fe85f1465e471ef10bf7151bfb1428d36","deployment-tool":"cli-firebase"},"environment":"GEN_2","url":"https://us-central1-azimbalife055.cloudfunctions.net/confirmAppointment","createTime":"2025-07-24T19:43:54.611466338Z","satisfiesPzi":true}]}
[info] i  functions: ensuring required API run.googleapis.com is enabled... 
[info] i  functions: ensuring required API eventarc.googleapis.com is enabled... 
[info] i  functions: ensuring required API pubsub.googleapis.com is enabled... 
[info] i  functions: ensuring required API storage.googleapis.com is enabled... 
[info] i  functions: generating the service identity for pubsub.googleapis.com... 
[debug] [2025-07-30T11:28:49.953Z] Checked if tokens are valid: true, expires at: 1753877672277
[debug] [2025-07-30T11:28:49.953Z] Checked if tokens are valid: true, expires at: 1753877672277
[info] i  functions: generating the service identity for eventarc.googleapis.com... 
[debug] [2025-07-30T11:28:49.955Z] Checked if tokens are valid: true, expires at: 1753877672277
[debug] [2025-07-30T11:28:49.956Z] Checked if tokens are valid: true, expires at: 1753877672277
[debug] [2025-07-30T11:28:49.956Z] >>> [apiv2][query] POST https://serviceusage.googleapis.com/v1beta1/projects/78443464091/services/pubsub.googleapis.com:generateServiceIdentity [none]
[debug] [2025-07-30T11:28:49.959Z] >>> [apiv2][(partial)header] POST https://serviceusage.googleapis.com/v1beta1/projects/78443464091/services/pubsub.googleapis.com:generateServiceIdentity x-goog-quota-user=projects/78443464091
[debug] [2025-07-30T11:28:49.960Z] >>> [apiv2][body] POST https://serviceusage.googleapis.com/v1beta1/projects/78443464091/services/pubsub.googleapis.com:generateServiceIdentity {}
[debug] [2025-07-30T11:28:49.963Z] >>> [apiv2][query] POST https://serviceusage.googleapis.com/v1beta1/projects/78443464091/services/eventarc.googleapis.com:generateServiceIdentity [none]
[debug] [2025-07-30T11:28:49.964Z] >>> [apiv2][(partial)header] POST https://serviceusage.googleapis.com/v1beta1/projects/78443464091/services/eventarc.googleapis.com:generateServiceIdentity x-goog-quota-user=projects/78443464091
[debug] [2025-07-30T11:28:49.967Z] >>> [apiv2][body] POST https://serviceusage.googleapis.com/v1beta1/projects/78443464091/services/eventarc.googleapis.com:generateServiceIdentity {}
[debug] [2025-07-30T11:28:52.911Z] <<< [apiv2][status] POST https://serviceusage.googleapis.com/v1beta1/projects/78443464091/services/pubsub.googleapis.com:generateServiceIdentity 200
[debug] [2025-07-30T11:28:52.911Z] <<< [apiv2][body] POST https://serviceusage.googleapis.com/v1beta1/projects/78443464091/services/pubsub.googleapis.com:generateServiceIdentity {"name":"operations/finished.DONE_OPERATION","done":true,"response":{"@type":"type.googleapis.com/google.api.serviceusage.v1beta1.ServiceIdentity","email":"service-78443464091@gcp-sa-pubsub.iam.gserviceaccount.com","uniqueId":"103593887662797017039"}}
[debug] [2025-07-30T11:28:52.912Z] <<< [apiv2][status] POST https://serviceusage.googleapis.com/v1beta1/projects/78443464091/services/eventarc.googleapis.com:generateServiceIdentity 200
[debug] [2025-07-30T11:28:52.912Z] <<< [apiv2][body] POST https://serviceusage.googleapis.com/v1beta1/projects/78443464091/services/eventarc.googleapis.com:generateServiceIdentity {"name":"operations/finished.DONE_OPERATION","done":true,"response":{"@type":"type.googleapis.com/google.api.serviceusage.v1beta1.ServiceIdentity","email":"service-78443464091@gcp-sa-eventarc.iam.gserviceaccount.com","uniqueId":"114616746748110808117"}}
[debug] [2025-07-30T11:28:52.917Z] Checked if tokens are valid: true, expires at: 1753877672277
[debug] [2025-07-30T11:28:52.918Z] Checked if tokens are valid: true, expires at: 1753877672277
[debug] [2025-07-30T11:28:52.918Z] >>> [apiv2][query] GET https://cloudresourcemanager.googleapis.com/v1/projects/azimbalife055 [none]
[debug] [2025-07-30T11:28:55.530Z] <<< [apiv2][status] GET https://cloudresourcemanager.googleapis.com/v1/projects/azimbalife055 200
[debug] [2025-07-30T11:28:55.531Z] <<< [apiv2][body] GET https://cloudresourcemanager.googleapis.com/v1/projects/azimbalife055 {"projectNumber":"78443464091","projectId":"azimbalife055","lifecycleState":"ACTIVE","name":"AZimbalife055","labels":{"firebase":"enabled","firebase-core":"disabled"},"createTime":"2025-07-08T10:17:47.243356Z"}
[debug] [2025-07-30T11:28:55.532Z] Checked if tokens are valid: true, expires at: 1753877672277
[debug] [2025-07-30T11:28:55.533Z] Checked if tokens are valid: true, expires at: 1753877672277
[debug] [2025-07-30T11:28:55.533Z] >>> [apiv2][query] GET https://compute.googleapis.com/compute/v1/projects/78443464091 [none]
[debug] [2025-07-30T11:28:56.967Z] <<< [apiv2][status] GET https://compute.googleapis.com/compute/v1/projects/78443464091 403
[debug] [2025-07-30T11:28:56.967Z] <<< [apiv2][body] GET https://compute.googleapis.com/compute/v1/projects/78443464091 {"error":{"code":403,"message":"Compute Engine API has not been used in project 78443464091 before or it is disabled. Enable it by visiting https://console.developers.google.com/apis/api/compute.googleapis.com/overview?project=78443464091 then retry. If you enabled this API recently, wait a few minutes for the action to propagate to our systems and retry.","errors":[{"message":"Compute Engine API has not been used in project 78443464091 before or it is disabled. Enable it by visiting https://console.developers.google.com/apis/api/compute.googleapis.com/overview?project=78443464091 then retry. If you enabled this API recently, wait a few minutes for the action to propagate to our systems and retry.","domain":"usageLimits","reason":"accessNotConfigured","extendedHelp":"https://console.developers.google.com"}],"status":"PERMISSION_DENIED","details":[{"@type":"type.googleapis.com/google.rpc.ErrorInfo","reason":"SERVICE_DISABLED","domain":"googleapis.com","metadata":{"activationUrl":"https://console.developers.google.com/apis/api/compute.googleapis.com/overview?project=78443464091","containerInfo":"78443464091","consumer":"projects/78443464091","service":"compute.googleapis.com","serviceTitle":"Compute Engine API"}},{"@type":"type.googleapis.com/google.rpc.LocalizedMessage","locale":"en-US","message":"Compute Engine API has not been used in project 78443464091 before or it is disabled. Enable it by visiting https://console.developers.google.com/apis/api/compute.googleapis.com/overview?project=78443464091 then retry. If you enabled this API recently, wait a few minutes for the action to propagate to our systems and retry."},{"@type":"type.googleapis.com/google.rpc.Help","links":[{"description":"Google developers console API activation","url":"https://console.developers.google.com/apis/api/compute.googleapis.com/overview?project=78443464091"}]}]}}
[debug] [2025-07-30T11:28:56.969Z] unable to look up default compute service account. Falling back to 78443464091-compute@developer.gserviceaccount.com. Error: {"name":"FirebaseError","children":[],"context":{"body":{"error":{"code":403,"message":"Compute Engine API has not been used in project 78443464091 before or it is disabled. Enable it by visiting https://console.developers.google.com/apis/api/compute.googleapis.com/overview?project=78443464091 then retry. If you enabled this API recently, wait a few minutes for the action to propagate to our systems and retry.","errors":[{"message":"Compute Engine API has not been used in project 78443464091 before or it is disabled. Enable it by visiting https://console.developers.google.com/apis/api/compute.googleapis.com/overview?project=78443464091 then retry. If you enabled this API recently, wait a few minutes for the action to propagate to our systems and retry.","domain":"usageLimits","reason":"accessNotConfigured","extendedHelp":"https://console.developers.google.com"}],"status":"PERMISSION_DENIED","details":[{"@type":"type.googleapis.com/google.rpc.ErrorInfo","reason":"SERVICE_DISABLED","domain":"googleapis.com","metadata":{"activationUrl":"https://console.developers.google.com/apis/api/compute.googleapis.com/overview?project=78443464091","containerInfo":"78443464091","consumer":"projects/78443464091","service":"compute.googleapis.com","serviceTitle":"Compute Engine API"}},{"@type":"type.googleapis.com/google.rpc.LocalizedMessage","locale":"en-US","message":"Compute Engine API has not been used in project 78443464091 before or it is disabled. Enable it by visiting https://console.developers.google.com/apis/api/compute.googleapis.com/overview?project=78443464091 then retry. If you enabled this API recently, wait a few minutes for the action to propagate to our systems and retry."},{"@type":"type.googleapis.com/google.rpc.Help","links":[{"description":"Google developers console API activation","url":"https://console.developers.google.com/apis/api/compute.googleapis.com/overview?project=78443464091"}]}]}},"response":{"statusCode":403}},"exit":1,"message":"Request to https://compute.googleapis.com/compute/v1/projects/78443464091 had HTTP Error: 403, Compute Engine API has not been used in project 78443464091 before or it is disabled. Enable it by visiting https://console.developers.google.com/apis/api/compute.googleapis.com/overview?project=78443464091 then retry. If you enabled this API recently, wait a few minutes for the action to propagate to our systems and retry.","status":403}
[debug] [2025-07-30T11:28:56.972Z] Checked if tokens are valid: true, expires at: 1753877672277
[debug] [2025-07-30T11:28:56.972Z] Checked if tokens are valid: true, expires at: 1753877672277
[debug] [2025-07-30T11:28:56.973Z] >>> [apiv2][query] GET https://cloudbilling.googleapis.com/v1/projects/azimbalife055/billingInfo [none]
[debug] [2025-07-30T11:28:58.703Z] <<< [apiv2][status] GET https://cloudbilling.googleapis.com/v1/projects/azimbalife055/billingInfo 200
[debug] [2025-07-30T11:28:58.704Z] <<< [apiv2][body] GET https://cloudbilling.googleapis.com/v1/projects/azimbalife055/billingInfo {"name":"projects/azimbalife055/billingInfo","projectId":"azimbalife055","billingAccountName":"billingAccounts/018028-893BE8-0257DF","billingEnabled":true}
[debug] [2025-07-30T11:28:58.707Z] Checked if tokens are valid: true, expires at: 1753877672277
[debug] [2025-07-30T11:28:58.707Z] Checked if tokens are valid: true, expires at: 1753877672277
[debug] [2025-07-30T11:28:58.707Z] >>> [apiv2][query] POST https://cloudfunctions.googleapis.com/v2/projects/azimbalife055/locations/us-central1/functions:generateUploadUrl [none]
[debug] [2025-07-30T11:29:00.848Z] <<< [apiv2][status] POST https://cloudfunctions.googleapis.com/v2/projects/azimbalife055/locations/us-central1/functions:generateUploadUrl 200
[debug] [2025-07-30T11:29:00.849Z] <<< [apiv2][body] POST https://cloudfunctions.googleapis.com/v2/projects/azimbalife055/locations/us-central1/functions:generateUploadUrl {"uploadUrl":"https://storage.googleapis.com/gcf-v2-uploads-78443464091.us-central1.cloudfunctions.appspot.com/6a06c59f-88d7-49a5-a155-014fbb80e09b.zip?GoogleAccessId=service-78443464091@gcf-admin-robot.iam.gserviceaccount.com&Expires=1753876740&Signature=OrwH2s72l1oHX7Mf0PUNptLi8O%2BICYT3CFONsmfZActaAPxlhj%2FIOAoezAD1CPfmFUMA4zQd90uYXVgFg0r7LSoz%2FH9zLwgy%2F936m%2FtwuriDW1zOwQoxh%2F69GIXHSS8TBWwgBaNlMjAriH%2FFvPR6iFR0Tbc%2FdASlRFixF%2B9%2F%2B6SCKhRzE5q69M6uOd%2BgFackCt1gHP2Zt%2FFPfQUmvz4mHcT3da9AR5iSBgTUCFo9ZPcWhXG%2BFU9APl6gVjV8kIM2DGjV1qeV67unZQ72Ncf3r4ahJUlcrsDd3Ak6Mk12RBxPEmFf9Dfl0eW5MXlpKSZMSZSuEyBszZ0yVst4RfcQ3g%3D%3D","storageSource":{"bucket":"gcf-v2-uploads-78443464091.us-central1.cloudfunctions.appspot.com","object":"6a06c59f-88d7-49a5-a155-014fbb80e09b.zip"}}
[debug] [2025-07-30T11:29:00.851Z] >>> [apiv2][query] PUT https://storage.googleapis.com/gcf-v2-uploads-78443464091.us-central1.cloudfunctions.appspot.com/6a06c59f-88d7-49a5-a155-014fbb80e09b.zip GoogleAccessId=service-78443464091%40gcf-admin-robot.iam.gserviceaccount.com&Expires=1753876740&Signature=OrwH2s72l1oHX7Mf0PUNptLi8O%2BICYT3CFONsmfZActaAPxlhj%2FIOAoezAD1CPfmFUMA4zQd90uYXVgFg0r7LSoz%2FH9zLwgy%2F936m%2FtwuriDW1zOwQoxh%2F69GIXHSS8TBWwgBaNlMjAriH%2FFvPR6iFR0Tbc%2FdASlRFixF%2B9%2F%2B6SCKhRzE5q69M6uOd%2BgFackCt1gHP2Zt%2FFPfQUmvz4mHcT3da9AR5iSBgTUCFo9ZPcWhXG%2BFU9APl6gVjV8kIM2DGjV1qeV67unZQ72Ncf3r4ahJUlcrsDd3Ak6Mk12RBxPEmFf9Dfl0eW5MXlpKSZMSZSuEyBszZ0yVst4RfcQ3g%3D%3D
[debug] [2025-07-30T11:29:00.852Z] >>> [apiv2][body] PUT https://storage.googleapis.com/gcf-v2-uploads-78443464091.us-central1.cloudfunctions.appspot.com/6a06c59f-88d7-49a5-a155-014fbb80e09b.zip [stream]
[debug] [2025-07-30T11:29:05.255Z] <<< [apiv2][status] PUT https://storage.googleapis.com/gcf-v2-uploads-78443464091.us-central1.cloudfunctions.appspot.com/6a06c59f-88d7-49a5-a155-014fbb80e09b.zip 200
[debug] [2025-07-30T11:29:05.256Z] <<< [apiv2][body] PUT https://storage.googleapis.com/gcf-v2-uploads-78443464091.us-central1.cloudfunctions.appspot.com/6a06c59f-88d7-49a5-a155-014fbb80e09b.zip [omitted]
[info] +  functions: functions folder uploaded successfully 
[info] i  functions: updating Node.js 22 (2nd Gen) function confirmAppointment(us-central1)... 
[debug] [2025-07-30T11:29:05.267Z] Checked if tokens are valid: true, expires at: 1753877672277
[debug] [2025-07-30T11:29:05.268Z] Checked if tokens are valid: true, expires at: 1753877672277
[debug] [2025-07-30T11:29:05.268Z] >>> [apiv2][query] PATCH https://cloudfunctions.googleapis.com/v2/projects/azimbalife055/locations/us-central1/functions/confirmAppointment updateMask=name%2CbuildConfig.runtime%2CbuildConfig.entryPoint%2CbuildConfig.source.storageSource.bucket%2CbuildConfig.source.storageSource.object%2CbuildConfig.environmentVariables%2CbuildConfig.sourceToken%2CserviceConfig.environmentVariables%2CserviceConfig.ingressSettings%2CserviceConfig.timeoutSeconds%2CserviceConfig.serviceAccountEmail%2CserviceConfig.availableMemory%2CserviceConfig.minInstanceCount%2CserviceConfig.maxInstanceCount%2CserviceConfig.maxInstanceRequestConcurrency%2CserviceConfig.availableCpu%2CserviceConfig.vpcConnector%2CserviceConfig.vpcConnectorEgressSettings%2Clabels
[debug] [2025-07-30T11:29:05.269Z] >>> [apiv2][body] PATCH https://cloudfunctions.googleapis.com/v2/projects/azimbalife055/locations/us-central1/functions/confirmAppointment {"name":"projects/azimbalife055/locations/us-central1/functions/confirmAppointment","buildConfig":{"runtime":"nodejs22","entryPoint":"confirmAppointment","source":{"storageSource":{"bucket":"gcf-v2-uploads-78443464091.us-central1.cloudfunctions.appspot.com","object":"6a06c59f-88d7-49a5-a155-014fbb80e09b.zip"}},"environmentVariables":{"GOOGLE_NODE_RUN_SCRIPTS":""}},"serviceConfig":{"environmentVariables":{"FIREBASE_CONFIG":"{\"projectId\":\"azimbalife055\",\"databaseURL\":\"https://azimbalife055-default-rtdb.firebaseio.com\",\"storageBucket\":\"azimbalife055.firebasestorage.app\"}","GCLOUD_PROJECT":"azimbalife055","EVENTARC_CLOUD_EVENT_SOURCE":"projects/azimbalife055/locations/us-central1/services/confirmAppointment","FUNCTION_TARGET":"confirmAppointment","LOG_EXECUTION_ID":"true"},"ingressSettings":null,"timeoutSeconds":null,"serviceAccountEmail":null,"availableMemory":"256Mi","minInstanceCount":null,"maxInstanceCount":10,"maxInstanceRequestConcurrency":80,"availableCpu":"1","vpcConnector":null,"vpcConnectorEgressSettings":null},"labels":{"deployment-tool":"cli-firebase","firebase-functions-hash":"959a5908be9ff0a21bdd4c5ae2534dc2b89d262c"}}
[debug] [2025-07-30T11:29:07.409Z] <<< [apiv2][status] PATCH https://cloudfunctions.googleapis.com/v2/projects/azimbalife055/locations/us-central1/functions/confirmAppointment 200
[debug] [2025-07-30T11:29:07.410Z] <<< [apiv2][body] PATCH https://cloudfunctions.googleapis.com/v2/projects/azimbalife055/locations/us-central1/functions/confirmAppointment {"name":"projects/azimbalife055/locations/us-central1/operations/operation-1753874946010-63b23d5232e3d-353a99b3-bf18ec12","metadata":{"@type":"type.googleapis.com/google.cloud.functions.v2.OperationMetadata","createTime":"2025-07-30T11:29:06.975106629Z","target":"projects/azimbalife055/locations/us-central1/functions/confirmAppointment","verb":"update","cancelRequested":false,"apiVersion":"v2"},"done":false}
[debug] [2025-07-30T11:29:07.411Z] Checked if tokens are valid: true, expires at: 1753877672277
[debug] [2025-07-30T11:29:07.412Z] Checked if tokens are valid: true, expires at: 1753877672277
[debug] [2025-07-30T11:29:07.412Z] >>> [apiv2][query] GET https://cloudfunctions.googleapis.com/v2/projects/azimbalife055/locations/us-central1/operations/operation-1753874946010-63b23d5232e3d-353a99b3-bf18ec12 [none]
[debug] [2025-07-30T11:29:08.721Z] <<< [apiv2][status] GET https://cloudfunctions.googleapis.com/v2/projects/azimbalife055/locations/us-central1/operations/operation-1753874946010-63b23d5232e3d-353a99b3-bf18ec12 200
[debug] [2025-07-30T11:29:08.722Z] <<< [apiv2][body] GET https://cloudfunctions.googleapis.com/v2/projects/azimbalife055/locations/us-central1/operations/operation-1753874946010-63b23d5232e3d-353a99b3-bf18ec12 {"name":"projects/azimbalife055/locations/us-central1/operations/operation-1753874946010-63b23d5232e3d-353a99b3-bf18ec12","metadata":{"@type":"type.googleapis.com/google.cloud.functions.v2.OperationMetadata","createTime":"2025-07-30T11:29:06.975106629Z","target":"projects/azimbalife055/locations/us-central1/functions/confirmAppointment","verb":"update","cancelRequested":false,"apiVersion":"v2","requestResource":{"@type":"type.googleapis.com/google.cloud.functions.v2.Function","name":"projects/azimbalife055/locations/us-central1/functions/confirmAppointment","buildConfig":{"runtime":"nodejs22","entryPoint":"confirmAppointment","source":{"storageSource":{"bucket":"gcf-v2-sources-78443464091-us-central1","object":"confirmAppointment/function-source.zip","generation":"1753874946925870"}},"environmentVariables":{"GOOGLE_NODE_RUN_SCRIPTS":""},"dockerRepository":"projects/azimbalife055/locations/us-central1/repositories/gcf-artifacts","sourceProvenance":{"resolvedStorageSource":{"bucket":"gcf-v2-sources-78443464091-us-central1","object":"confirmAppointment/function-source.zip","generation":"1753874334708588"}},"dockerRegistry":"ARTIFACT_REGISTRY","serviceAccount":"projects/azimbalife055/serviceAccounts/78443464091-compute@developer.gserviceaccount.com","automaticUpdatePolicy":{}},"serviceConfig":{"service":"projects/azimbalife055/locations/us-central1/services/confirmappointment","timeoutSeconds":60,"environmentVariables":{"FIREBASE_CONFIG":"{\"projectId\":\"azimbalife055\",\"databaseURL\":\"https://azimbalife055-default-rtdb.firebaseio.com\",\"storageBucket\":\"azimbalife055.firebasestorage.app\"}","GCLOUD_PROJECT":"azimbalife055","EVENTARC_CLOUD_EVENT_SOURCE":"projects/azimbalife055/locations/us-central1/services/confirmAppointment","FUNCTION_TARGET":"confirmAppointment","LOG_EXECUTION_ID":"true"},"maxInstanceCount":10,"ingressSettings":"ALLOW_ALL","uri":"https://confirmappointment-vy6tk2hf5q-uc.a.run.app","serviceAccountEmail":"78443464091-compute@developer.gserviceaccount.com","availableMemory":"256Mi","allTrafficOnLatestRevision":true,"revision":"confirmappointment-00017-nak","maxInstanceRequestConcurrency":80,"availableCpu":"1"},"state":"ACTIVE","labels":{"deployment-tool":"cli-firebase","firebase-functions-hash":"959a5908be9ff0a21bdd4c5ae2534dc2b89d262c"},"environment":"GEN_2","url":"https://us-central1-azimbalife055.cloudfunctions.net/confirmAppointment","satisfiesPzi":true},"stages":[{"name":"BUILD","message":"Build in progress","state":"IN_PROGRESS","resource":"projects/78443464091/locations/us-central1/builds/0cf4d2ac-363b-48b9-91a1-f33c992dbd02","resourceUri":"https://console.cloud.google.com/cloud-build/builds;region=us-central1/0cf4d2ac-363b-48b9-91a1-f33c992dbd02?project=78443464091"},{"name":"SERVICE","state":"NOT_STARTED"}],"operationType":"UPDATE_FUNCTION","buildName":"projects/78443464091/locations/us-central1/builds/0cf4d2ac-363b-48b9-91a1-f33c992dbd02"},"done":false}
[debug] [2025-07-30T11:29:09.224Z] [update-default-us-central1-confirmAppointment] Retrying task index 0
[debug] [2025-07-30T11:29:09.225Z] Checked if tokens are valid: true, expires at: 1753877672277
[debug] [2025-07-30T11:29:09.226Z] Checked if tokens are valid: true, expires at: 1753877672277
[debug] [2025-07-30T11:29:09.226Z] >>> [apiv2][query] GET https://cloudfunctions.googleapis.com/v2/projects/azimbalife055/locations/us-central1/operations/operation-1753874946010-63b23d5232e3d-353a99b3-bf18ec12 [none]
[debug] [2025-07-30T11:29:10.081Z] <<< [apiv2][status] GET https://cloudfunctions.googleapis.com/v2/projects/azimbalife055/locations/us-central1/operations/operation-1753874946010-63b23d5232e3d-353a99b3-bf18ec12 200
[debug] [2025-07-30T11:29:10.083Z] <<< [apiv2][body] GET https://cloudfunctions.googleapis.com/v2/projects/azimbalife055/locations/us-central1/operations/operation-1753874946010-63b23d5232e3d-353a99b3-bf18ec12 {"name":"projects/azimbalife055/locations/us-central1/operations/operation-1753874946010-63b23d5232e3d-353a99b3-bf18ec12","metadata":{"@type":"type.googleapis.com/google.cloud.functions.v2.OperationMetadata","createTime":"2025-07-30T11:29:06.975106629Z","target":"projects/azimbalife055/locations/us-central1/functions/confirmAppointment","verb":"update","cancelRequested":false,"apiVersion":"v2","requestResource":{"@type":"type.googleapis.com/google.cloud.functions.v2.Function","name":"projects/azimbalife055/locations/us-central1/functions/confirmAppointment","buildConfig":{"runtime":"nodejs22","entryPoint":"confirmAppointment","source":{"storageSource":{"bucket":"gcf-v2-sources-78443464091-us-central1","object":"confirmAppointment/function-source.zip","generation":"1753874946925870"}},"environmentVariables":{"GOOGLE_NODE_RUN_SCRIPTS":""},"dockerRepository":"projects/azimbalife055/locations/us-central1/repositories/gcf-artifacts","sourceProvenance":{"resolvedStorageSource":{"bucket":"gcf-v2-sources-78443464091-us-central1","object":"confirmAppointment/function-source.zip","generation":"1753874334708588"}},"dockerRegistry":"ARTIFACT_REGISTRY","serviceAccount":"projects/azimbalife055/serviceAccounts/78443464091-compute@developer.gserviceaccount.com","automaticUpdatePolicy":{}},"serviceConfig":{"service":"projects/azimbalife055/locations/us-central1/services/confirmappointment","timeoutSeconds":60,"environmentVariables":{"FIREBASE_CONFIG":"{\"projectId\":\"azimbalife055\",\"databaseURL\":\"https://azimbalife055-default-rtdb.firebaseio.com\",\"storageBucket\":\"azimbalife055.firebasestorage.app\"}","GCLOUD_PROJECT":"azimbalife055","EVENTARC_CLOUD_EVENT_SOURCE":"projects/azimbalife055/locations/us-central1/services/confirmAppointment","FUNCTION_TARGET":"confirmAppointment","LOG_EXECUTION_ID":"true"},"maxInstanceCount":10,"ingressSettings":"ALLOW_ALL","uri":"https://confirmappointment-vy6tk2hf5q-uc.a.run.app","serviceAccountEmail":"78443464091-compute@developer.gserviceaccount.com","availableMemory":"256Mi","allTrafficOnLatestRevision":true,"revision":"confirmappointment-00017-nak","maxInstanceRequestConcurrency":80,"availableCpu":"1"},"state":"ACTIVE","labels":{"deployment-tool":"cli-firebase","firebase-functions-hash":"959a5908be9ff0a21bdd4c5ae2534dc2b89d262c"},"environment":"GEN_2","url":"https://us-central1-azimbalife055.cloudfunctions.net/confirmAppointment","satisfiesPzi":true},"stages":[{"name":"BUILD","message":"Build in progress","state":"IN_PROGRESS","resource":"projects/78443464091/locations/us-central1/builds/0cf4d2ac-363b-48b9-91a1-f33c992dbd02","resourceUri":"https://console.cloud.google.com/cloud-build/builds;region=us-central1/0cf4d2ac-363b-48b9-91a1-f33c992dbd02?project=78443464091"},{"name":"SERVICE","state":"NOT_STARTED"}],"operationType":"UPDATE_FUNCTION","buildName":"projects/78443464091/locations/us-central1/builds/0cf4d2ac-363b-48b9-91a1-f33c992dbd02"},"done":false}
[debug] [2025-07-30T11:29:11.096Z] [update-default-us-central1-confirmAppointment] Retrying task index 0
[debug] [2025-07-30T11:29:11.097Z] Checked if tokens are valid: true, expires at: 1753877672277
[debug] [2025-07-30T11:29:11.097Z] Checked if tokens are valid: true, expires at: 1753877672277
[debug] [2025-07-30T11:29:11.098Z] >>> [apiv2][query] GET https://cloudfunctions.googleapis.com/v2/projects/azimbalife055/locations/us-central1/operations/operation-1753874946010-63b23d5232e3d-353a99b3-bf18ec12 [none]
[debug] [2025-07-30T11:29:12.426Z] <<< [apiv2][status] GET https://cloudfunctions.googleapis.com/v2/projects/azimbalife055/locations/us-central1/operations/operation-1753874946010-63b23d5232e3d-353a99b3-bf18ec12 200
[debug] [2025-07-30T11:29:12.426Z] <<< [apiv2][body] GET https://cloudfunctions.googleapis.com/v2/projects/azimbalife055/locations/us-central1/operations/operation-1753874946010-63b23d5232e3d-353a99b3-bf18ec12 {"name":"projects/azimbalife055/locations/us-central1/operations/operation-1753874946010-63b23d5232e3d-353a99b3-bf18ec12","metadata":{"@type":"type.googleapis.com/google.cloud.functions.v2.OperationMetadata","createTime":"2025-07-30T11:29:06.975106629Z","target":"projects/azimbalife055/locations/us-central1/functions/confirmAppointment","verb":"update","cancelRequested":false,"apiVersion":"v2","requestResource":{"@type":"type.googleapis.com/google.cloud.functions.v2.Function","name":"projects/azimbalife055/locations/us-central1/functions/confirmAppointment","buildConfig":{"runtime":"nodejs22","entryPoint":"confirmAppointment","source":{"storageSource":{"bucket":"gcf-v2-sources-78443464091-us-central1","object":"confirmAppointment/function-source.zip","generation":"1753874946925870"}},"environmentVariables":{"GOOGLE_NODE_RUN_SCRIPTS":""},"dockerRepository":"projects/azimbalife055/locations/us-central1/repositories/gcf-artifacts","sourceProvenance":{"resolvedStorageSource":{"bucket":"gcf-v2-sources-78443464091-us-central1","object":"confirmAppointment/function-source.zip","generation":"1753874334708588"}},"dockerRegistry":"ARTIFACT_REGISTRY","serviceAccount":"projects/azimbalife055/serviceAccounts/78443464091-compute@developer.gserviceaccount.com","automaticUpdatePolicy":{}},"serviceConfig":{"service":"projects/azimbalife055/locations/us-central1/services/confirmappointment","timeoutSeconds":60,"environmentVariables":{"FIREBASE_CONFIG":"{\"projectId\":\"azimbalife055\",\"databaseURL\":\"https://azimbalife055-default-rtdb.firebaseio.com\",\"storageBucket\":\"azimbalife055.firebasestorage.app\"}","GCLOUD_PROJECT":"azimbalife055","EVENTARC_CLOUD_EVENT_SOURCE":"projects/azimbalife055/locations/us-central1/services/confirmAppointment","FUNCTION_TARGET":"confirmAppointment","LOG_EXECUTION_ID":"true"},"maxInstanceCount":10,"ingressSettings":"ALLOW_ALL","uri":"https://confirmappointment-vy6tk2hf5q-uc.a.run.app","serviceAccountEmail":"78443464091-compute@developer.gserviceaccount.com","availableMemory":"256Mi","allTrafficOnLatestRevision":true,"revision":"confirmappointment-00017-nak","maxInstanceRequestConcurrency":80,"availableCpu":"1"},"state":"ACTIVE","labels":{"deployment-tool":"cli-firebase","firebase-functions-hash":"959a5908be9ff0a21bdd4c5ae2534dc2b89d262c"},"environment":"GEN_2","url":"https://us-central1-azimbalife055.cloudfunctions.net/confirmAppointment","satisfiesPzi":true},"stages":[{"name":"BUILD","message":"Build in progress","state":"IN_PROGRESS","resource":"projects/78443464091/locations/us-central1/builds/0cf4d2ac-363b-48b9-91a1-f33c992dbd02","resourceUri":"https://console.cloud.google.com/cloud-build/builds;region=us-central1/0cf4d2ac-363b-48b9-91a1-f33c992dbd02?project=78443464091"},{"name":"SERVICE","state":"NOT_STARTED"}],"operationType":"UPDATE_FUNCTION","buildName":"projects/78443464091/locations/us-central1/builds/0cf4d2ac-363b-48b9-91a1-f33c992dbd02"},"done":false}
[debug] [2025-07-30T11:29:14.442Z] [update-default-us-central1-confirmAppointment] Retrying task index 0
[debug] [2025-07-30T11:29:14.443Z] Checked if tokens are valid: true, expires at: 1753877672277
[debug] [2025-07-30T11:29:14.443Z] Checked if tokens are valid: true, expires at: 1753877672277
[debug] [2025-07-30T11:29:14.444Z] >>> [apiv2][query] GET https://cloudfunctions.googleapis.com/v2/projects/azimbalife055/locations/us-central1/operations/operation-1753874946010-63b23d5232e3d-353a99b3-bf18ec12 [none]
[debug] [2025-07-30T11:29:15.292Z] <<< [apiv2][status] GET https://cloudfunctions.googleapis.com/v2/projects/azimbalife055/locations/us-central1/operations/operation-1753874946010-63b23d5232e3d-353a99b3-bf18ec12 200
[debug] [2025-07-30T11:29:15.294Z] <<< [apiv2][body] GET https://cloudfunctions.googleapis.com/v2/projects/azimbalife055/locations/us-central1/operations/operation-1753874946010-63b23d5232e3d-353a99b3-bf18ec12 {"name":"projects/azimbalife055/locations/us-central1/operations/operation-1753874946010-63b23d5232e3d-353a99b3-bf18ec12","metadata":{"@type":"type.googleapis.com/google.cloud.functions.v2.OperationMetadata","createTime":"2025-07-30T11:29:06.975106629Z","target":"projects/azimbalife055/locations/us-central1/functions/confirmAppointment","verb":"update","cancelRequested":false,"apiVersion":"v2","requestResource":{"@type":"type.googleapis.com/google.cloud.functions.v2.Function","name":"projects/azimbalife055/locations/us-central1/functions/confirmAppointment","buildConfig":{"runtime":"nodejs22","entryPoint":"confirmAppointment","source":{"storageSource":{"bucket":"gcf-v2-sources-78443464091-us-central1","object":"confirmAppointment/function-source.zip","generation":"1753874946925870"}},"environmentVariables":{"GOOGLE_NODE_RUN_SCRIPTS":""},"dockerRepository":"projects/azimbalife055/locations/us-central1/repositories/gcf-artifacts","sourceProvenance":{"resolvedStorageSource":{"bucket":"gcf-v2-sources-78443464091-us-central1","object":"confirmAppointment/function-source.zip","generation":"1753874334708588"}},"dockerRegistry":"ARTIFACT_REGISTRY","serviceAccount":"projects/azimbalife055/serviceAccounts/78443464091-compute@developer.gserviceaccount.com","automaticUpdatePolicy":{}},"serviceConfig":{"service":"projects/azimbalife055/locations/us-central1/services/confirmappointment","timeoutSeconds":60,"environmentVariables":{"FIREBASE_CONFIG":"{\"projectId\":\"azimbalife055\",\"databaseURL\":\"https://azimbalife055-default-rtdb.firebaseio.com\",\"storageBucket\":\"azimbalife055.firebasestorage.app\"}","GCLOUD_PROJECT":"azimbalife055","EVENTARC_CLOUD_EVENT_SOURCE":"projects/azimbalife055/locations/us-central1/services/confirmAppointment","FUNCTION_TARGET":"confirmAppointment","LOG_EXECUTION_ID":"true"},"maxInstanceCount":10,"ingressSettings":"ALLOW_ALL","uri":"https://confirmappointment-vy6tk2hf5q-uc.a.run.app","serviceAccountEmail":"78443464091-compute@developer.gserviceaccount.com","availableMemory":"256Mi","allTrafficOnLatestRevision":true,"revision":"confirmappointment-00017-nak","maxInstanceRequestConcurrency":80,"availableCpu":"1"},"state":"ACTIVE","labels":{"deployment-tool":"cli-firebase","firebase-functions-hash":"959a5908be9ff0a21bdd4c5ae2534dc2b89d262c"},"environment":"GEN_2","url":"https://us-central1-azimbalife055.cloudfunctions.net/confirmAppointment","satisfiesPzi":true},"stages":[{"name":"BUILD","message":"Build in progress","state":"IN_PROGRESS","resource":"projects/78443464091/locations/us-central1/builds/0cf4d2ac-363b-48b9-91a1-f33c992dbd02","resourceUri":"https://console.cloud.google.com/cloud-build/builds;region=us-central1/0cf4d2ac-363b-48b9-91a1-f33c992dbd02?project=78443464091"},{"name":"SERVICE","state":"NOT_STARTED"}],"operationType":"UPDATE_FUNCTION","buildName":"projects/78443464091/locations/us-central1/builds/0cf4d2ac-363b-48b9-91a1-f33c992dbd02"},"done":false}
[debug] [2025-07-30T11:29:19.313Z] [update-default-us-central1-confirmAppointment] Retrying task index 0
[debug] [2025-07-30T11:29:19.314Z] Checked if tokens are valid: true, expires at: 1753877672277
[debug] [2025-07-30T11:29:19.314Z] Checked if tokens are valid: true, expires at: 1753877672277
[debug] [2025-07-30T11:29:19.315Z] >>> [apiv2][query] GET https://cloudfunctions.googleapis.com/v2/projects/azimbalife055/locations/us-central1/operations/operation-1753874946010-63b23d5232e3d-353a99b3-bf18ec12 [none]
[debug] [2025-07-30T11:29:20.518Z] <<< [apiv2][status] GET https://cloudfunctions.googleapis.com/v2/projects/azimbalife055/locations/us-central1/operations/operation-1753874946010-63b23d5232e3d-353a99b3-bf18ec12 200
[debug] [2025-07-30T11:29:20.519Z] <<< [apiv2][body] GET https://cloudfunctions.googleapis.com/v2/projects/azimbalife055/locations/us-central1/operations/operation-1753874946010-63b23d5232e3d-353a99b3-bf18ec12 {"name":"projects/azimbalife055/locations/us-central1/operations/operation-1753874946010-63b23d5232e3d-353a99b3-bf18ec12","metadata":{"@type":"type.googleapis.com/google.cloud.functions.v2.OperationMetadata","createTime":"2025-07-30T11:29:06.975106629Z","target":"projects/azimbalife055/locations/us-central1/functions/confirmAppointment","verb":"update","cancelRequested":false,"apiVersion":"v2","requestResource":{"@type":"type.googleapis.com/google.cloud.functions.v2.Function","name":"projects/azimbalife055/locations/us-central1/functions/confirmAppointment","buildConfig":{"runtime":"nodejs22","entryPoint":"confirmAppointment","source":{"storageSource":{"bucket":"gcf-v2-sources-78443464091-us-central1","object":"confirmAppointment/function-source.zip","generation":"1753874946925870"}},"environmentVariables":{"GOOGLE_NODE_RUN_SCRIPTS":""},"dockerRepository":"projects/azimbalife055/locations/us-central1/repositories/gcf-artifacts","sourceProvenance":{"resolvedStorageSource":{"bucket":"gcf-v2-sources-78443464091-us-central1","object":"confirmAppointment/function-source.zip","generation":"1753874334708588"}},"dockerRegistry":"ARTIFACT_REGISTRY","serviceAccount":"projects/azimbalife055/serviceAccounts/78443464091-compute@developer.gserviceaccount.com","automaticUpdatePolicy":{}},"serviceConfig":{"service":"projects/azimbalife055/locations/us-central1/services/confirmappointment","timeoutSeconds":60,"environmentVariables":{"FIREBASE_CONFIG":"{\"projectId\":\"azimbalife055\",\"databaseURL\":\"https://azimbalife055-default-rtdb.firebaseio.com\",\"storageBucket\":\"azimbalife055.firebasestorage.app\"}","GCLOUD_PROJECT":"azimbalife055","EVENTARC_CLOUD_EVENT_SOURCE":"projects/azimbalife055/locations/us-central1/services/confirmAppointment","FUNCTION_TARGET":"confirmAppointment","LOG_EXECUTION_ID":"true"},"maxInstanceCount":10,"ingressSettings":"ALLOW_ALL","uri":"https://confirmappointment-vy6tk2hf5q-uc.a.run.app","serviceAccountEmail":"78443464091-compute@developer.gserviceaccount.com","availableMemory":"256Mi","allTrafficOnLatestRevision":true,"revision":"confirmappointment-00017-nak","maxInstanceRequestConcurrency":80,"availableCpu":"1"},"state":"ACTIVE","labels":{"deployment-tool":"cli-firebase","firebase-functions-hash":"959a5908be9ff0a21bdd4c5ae2534dc2b89d262c"},"environment":"GEN_2","url":"https://us-central1-azimbalife055.cloudfunctions.net/confirmAppointment","satisfiesPzi":true},"stages":[{"name":"BUILD","message":"Build in progress","state":"IN_PROGRESS","resource":"projects/78443464091/locations/us-central1/builds/0cf4d2ac-363b-48b9-91a1-f33c992dbd02","resourceUri":"https://console.cloud.google.com/cloud-build/builds;region=us-central1/0cf4d2ac-363b-48b9-91a1-f33c992dbd02?project=78443464091"},{"name":"SERVICE","state":"NOT_STARTED"}],"operationType":"UPDATE_FUNCTION","buildName":"projects/78443464091/locations/us-central1/builds/0cf4d2ac-363b-48b9-91a1-f33c992dbd02"},"done":false}
[debug] [2025-07-30T11:29:28.522Z] [update-default-us-central1-confirmAppointment] Retrying task index 0
[debug] [2025-07-30T11:29:28.523Z] Checked if tokens are valid: true, expires at: 1753877672277
[debug] [2025-07-30T11:29:28.523Z] Checked if tokens are valid: true, expires at: 1753877672277
[debug] [2025-07-30T11:29:28.524Z] >>> [apiv2][query] GET https://cloudfunctions.googleapis.com/v2/projects/azimbalife055/locations/us-central1/operations/operation-1753874946010-63b23d5232e3d-353a99b3-bf18ec12 [none]
[debug] [2025-07-30T11:29:30.861Z] <<< [apiv2][status] GET https://cloudfunctions.googleapis.com/v2/projects/azimbalife055/locations/us-central1/operations/operation-1753874946010-63b23d5232e3d-353a99b3-bf18ec12 200
[debug] [2025-07-30T11:29:30.862Z] <<< [apiv2][body] GET https://cloudfunctions.googleapis.com/v2/projects/azimbalife055/locations/us-central1/operations/operation-1753874946010-63b23d5232e3d-353a99b3-bf18ec12 {"name":"projects/azimbalife055/locations/us-central1/operations/operation-1753874946010-63b23d5232e3d-353a99b3-bf18ec12","metadata":{"@type":"type.googleapis.com/google.cloud.functions.v2.OperationMetadata","createTime":"2025-07-30T11:29:06.975106629Z","target":"projects/azimbalife055/locations/us-central1/functions/confirmAppointment","verb":"update","cancelRequested":false,"apiVersion":"v2","requestResource":{"@type":"type.googleapis.com/google.cloud.functions.v2.Function","name":"projects/azimbalife055/locations/us-central1/functions/confirmAppointment","buildConfig":{"runtime":"nodejs22","entryPoint":"confirmAppointment","source":{"storageSource":{"bucket":"gcf-v2-sources-78443464091-us-central1","object":"confirmAppointment/function-source.zip","generation":"1753874946925870"}},"environmentVariables":{"GOOGLE_NODE_RUN_SCRIPTS":""},"dockerRepository":"projects/azimbalife055/locations/us-central1/repositories/gcf-artifacts","sourceProvenance":{"resolvedStorageSource":{"bucket":"gcf-v2-sources-78443464091-us-central1","object":"confirmAppointment/function-source.zip","generation":"1753874334708588"}},"dockerRegistry":"ARTIFACT_REGISTRY","serviceAccount":"projects/azimbalife055/serviceAccounts/78443464091-compute@developer.gserviceaccount.com","automaticUpdatePolicy":{}},"serviceConfig":{"service":"projects/azimbalife055/locations/us-central1/services/confirmappointment","timeoutSeconds":60,"environmentVariables":{"FIREBASE_CONFIG":"{\"projectId\":\"azimbalife055\",\"databaseURL\":\"https://azimbalife055-default-rtdb.firebaseio.com\",\"storageBucket\":\"azimbalife055.firebasestorage.app\"}","GCLOUD_PROJECT":"azimbalife055","EVENTARC_CLOUD_EVENT_SOURCE":"projects/azimbalife055/locations/us-central1/services/confirmAppointment","FUNCTION_TARGET":"confirmAppointment","LOG_EXECUTION_ID":"true"},"maxInstanceCount":10,"ingressSettings":"ALLOW_ALL","uri":"https://confirmappointment-vy6tk2hf5q-uc.a.run.app","serviceAccountEmail":"78443464091-compute@developer.gserviceaccount.com","availableMemory":"256Mi","allTrafficOnLatestRevision":true,"revision":"confirmappointment-00017-nak","maxInstanceRequestConcurrency":80,"availableCpu":"1"},"state":"ACTIVE","labels":{"deployment-tool":"cli-firebase","firebase-functions-hash":"959a5908be9ff0a21bdd4c5ae2534dc2b89d262c"},"environment":"GEN_2","url":"https://us-central1-azimbalife055.cloudfunctions.net/confirmAppointment","satisfiesPzi":true},"stages":[{"name":"BUILD","message":"Build in progress","state":"IN_PROGRESS","resource":"projects/78443464091/locations/us-central1/builds/0cf4d2ac-363b-48b9-91a1-f33c992dbd02","resourceUri":"https://console.cloud.google.com/cloud-build/builds;region=us-central1/0cf4d2ac-363b-48b9-91a1-f33c992dbd02?project=78443464091"},{"name":"SERVICE","state":"NOT_STARTED"}],"operationType":"UPDATE_FUNCTION","buildName":"projects/78443464091/locations/us-central1/builds/0cf4d2ac-363b-48b9-91a1-f33c992dbd02"},"done":false}
[debug] [2025-07-30T11:29:40.875Z] [update-default-us-central1-confirmAppointment] Retrying task index 0
[debug] [2025-07-30T11:29:40.875Z] Checked if tokens are valid: true, expires at: 1753877672277
[debug] [2025-07-30T11:29:40.876Z] Checked if tokens are valid: true, expires at: 1753877672277
[debug] [2025-07-30T11:29:40.876Z] >>> [apiv2][query] GET https://cloudfunctions.googleapis.com/v2/projects/azimbalife055/locations/us-central1/operations/operation-1753874946010-63b23d5232e3d-353a99b3-bf18ec12 [none]
[debug] [2025-07-30T11:29:42.395Z] <<< [apiv2][status] GET https://cloudfunctions.googleapis.com/v2/projects/azimbalife055/locations/us-central1/operations/operation-1753874946010-63b23d5232e3d-353a99b3-bf18ec12 200
[debug] [2025-07-30T11:29:42.396Z] <<< [apiv2][body] GET https://cloudfunctions.googleapis.com/v2/projects/azimbalife055/locations/us-central1/operations/operation-1753874946010-63b23d5232e3d-353a99b3-bf18ec12 {"name":"projects/azimbalife055/locations/us-central1/operations/operation-1753874946010-63b23d5232e3d-353a99b3-bf18ec12","metadata":{"@type":"type.googleapis.com/google.cloud.functions.v2.OperationMetadata","createTime":"2025-07-30T11:29:06.975106629Z","target":"projects/azimbalife055/locations/us-central1/functions/confirmAppointment","verb":"update","cancelRequested":false,"apiVersion":"v2","requestResource":{"@type":"type.googleapis.com/google.cloud.functions.v2.Function","name":"projects/azimbalife055/locations/us-central1/functions/confirmAppointment","buildConfig":{"runtime":"nodejs22","entryPoint":"confirmAppointment","source":{"storageSource":{"bucket":"gcf-v2-sources-78443464091-us-central1","object":"confirmAppointment/function-source.zip","generation":"1753874946925870"}},"environmentVariables":{"GOOGLE_NODE_RUN_SCRIPTS":""},"dockerRepository":"projects/azimbalife055/locations/us-central1/repositories/gcf-artifacts","sourceProvenance":{"resolvedStorageSource":{"bucket":"gcf-v2-sources-78443464091-us-central1","object":"confirmAppointment/function-source.zip","generation":"1753874334708588"}},"dockerRegistry":"ARTIFACT_REGISTRY","serviceAccount":"projects/azimbalife055/serviceAccounts/78443464091-compute@developer.gserviceaccount.com","automaticUpdatePolicy":{}},"serviceConfig":{"service":"projects/azimbalife055/locations/us-central1/services/confirmappointment","timeoutSeconds":60,"environmentVariables":{"FIREBASE_CONFIG":"{\"projectId\":\"azimbalife055\",\"databaseURL\":\"https://azimbalife055-default-rtdb.firebaseio.com\",\"storageBucket\":\"azimbalife055.firebasestorage.app\"}","GCLOUD_PROJECT":"azimbalife055","EVENTARC_CLOUD_EVENT_SOURCE":"projects/azimbalife055/locations/us-central1/services/confirmAppointment","FUNCTION_TARGET":"confirmAppointment","LOG_EXECUTION_ID":"true"},"maxInstanceCount":10,"ingressSettings":"ALLOW_ALL","uri":"https://confirmappointment-vy6tk2hf5q-uc.a.run.app","serviceAccountEmail":"78443464091-compute@developer.gserviceaccount.com","availableMemory":"256Mi","allTrafficOnLatestRevision":true,"revision":"confirmappointment-00017-nak","maxInstanceRequestConcurrency":80,"availableCpu":"1"},"state":"ACTIVE","labels":{"deployment-tool":"cli-firebase","firebase-functions-hash":"959a5908be9ff0a21bdd4c5ae2534dc2b89d262c"},"environment":"GEN_2","url":"https://us-central1-azimbalife055.cloudfunctions.net/confirmAppointment","satisfiesPzi":true},"stages":[{"name":"BUILD","message":"Build in progress","state":"IN_PROGRESS","resource":"projects/78443464091/locations/us-central1/builds/0cf4d2ac-363b-48b9-91a1-f33c992dbd02","resourceUri":"https://console.cloud.google.com/cloud-build/builds;region=us-central1/0cf4d2ac-363b-48b9-91a1-f33c992dbd02?project=78443464091"},{"name":"SERVICE","state":"NOT_STARTED"}],"operationType":"UPDATE_FUNCTION","buildName":"projects/78443464091/locations/us-central1/builds/0cf4d2ac-363b-48b9-91a1-f33c992dbd02"},"done":false}
[debug] [2025-07-30T11:29:52.398Z] [update-default-us-central1-confirmAppointment] Retrying task index 0
[debug] [2025-07-30T11:29:52.400Z] Checked if tokens are valid: true, expires at: 1753877672277
[debug] [2025-07-30T11:29:52.400Z] Checked if tokens are valid: true, expires at: 1753877672277
[debug] [2025-07-30T11:29:52.401Z] >>> [apiv2][query] GET https://cloudfunctions.googleapis.com/v2/projects/azimbalife055/locations/us-central1/operations/operation-1753874946010-63b23d5232e3d-353a99b3-bf18ec12 [none]
[debug] [2025-07-30T11:29:54.718Z] <<< [apiv2][status] GET https://cloudfunctions.googleapis.com/v2/projects/azimbalife055/locations/us-central1/operations/operation-1753874946010-63b23d5232e3d-353a99b3-bf18ec12 200
[debug] [2025-07-30T11:29:54.719Z] <<< [apiv2][body] GET https://cloudfunctions.googleapis.com/v2/projects/azimbalife055/locations/us-central1/operations/operation-1753874946010-63b23d5232e3d-353a99b3-bf18ec12 {"name":"projects/azimbalife055/locations/us-central1/operations/operation-1753874946010-63b23d5232e3d-353a99b3-bf18ec12","metadata":{"@type":"type.googleapis.com/google.cloud.functions.v2.OperationMetadata","createTime":"2025-07-30T11:29:06.975106629Z","target":"projects/azimbalife055/locations/us-central1/functions/confirmAppointment","verb":"update","cancelRequested":false,"apiVersion":"v2","requestResource":{"@type":"type.googleapis.com/google.cloud.functions.v2.Function","name":"projects/azimbalife055/locations/us-central1/functions/confirmAppointment","buildConfig":{"runtime":"nodejs22","entryPoint":"confirmAppointment","source":{"storageSource":{"bucket":"gcf-v2-sources-78443464091-us-central1","object":"confirmAppointment/function-source.zip","generation":"1753874946925870"}},"environmentVariables":{"GOOGLE_NODE_RUN_SCRIPTS":""},"dockerRepository":"projects/azimbalife055/locations/us-central1/repositories/gcf-artifacts","sourceProvenance":{"resolvedStorageSource":{"bucket":"gcf-v2-sources-78443464091-us-central1","object":"confirmAppointment/function-source.zip","generation":"1753874334708588"}},"dockerRegistry":"ARTIFACT_REGISTRY","serviceAccount":"projects/azimbalife055/serviceAccounts/78443464091-compute@developer.gserviceaccount.com","automaticUpdatePolicy":{}},"serviceConfig":{"service":"projects/azimbalife055/locations/us-central1/services/confirmappointment","timeoutSeconds":60,"environmentVariables":{"FIREBASE_CONFIG":"{\"projectId\":\"azimbalife055\",\"databaseURL\":\"https://azimbalife055-default-rtdb.firebaseio.com\",\"storageBucket\":\"azimbalife055.firebasestorage.app\"}","GCLOUD_PROJECT":"azimbalife055","EVENTARC_CLOUD_EVENT_SOURCE":"projects/azimbalife055/locations/us-central1/services/confirmAppointment","FUNCTION_TARGET":"confirmAppointment","LOG_EXECUTION_ID":"true"},"maxInstanceCount":10,"ingressSettings":"ALLOW_ALL","uri":"https://confirmappointment-vy6tk2hf5q-uc.a.run.app","serviceAccountEmail":"78443464091-compute@developer.gserviceaccount.com","availableMemory":"256Mi","allTrafficOnLatestRevision":true,"revision":"confirmappointment-00017-nak","maxInstanceRequestConcurrency":80,"availableCpu":"1"},"state":"ACTIVE","labels":{"deployment-tool":"cli-firebase","firebase-functions-hash":"959a5908be9ff0a21bdd4c5ae2534dc2b89d262c"},"environment":"GEN_2","url":"https://us-central1-azimbalife055.cloudfunctions.net/confirmAppointment","satisfiesPzi":true},"stages":[{"name":"BUILD","message":"Build in progress","state":"IN_PROGRESS","resource":"projects/78443464091/locations/us-central1/builds/0cf4d2ac-363b-48b9-91a1-f33c992dbd02","resourceUri":"https://console.cloud.google.com/cloud-build/builds;region=us-central1/0cf4d2ac-363b-48b9-91a1-f33c992dbd02?project=78443464091"},{"name":"SERVICE","state":"NOT_STARTED"}],"operationType":"UPDATE_FUNCTION","buildName":"projects/78443464091/locations/us-central1/builds/0cf4d2ac-363b-48b9-91a1-f33c992dbd02"},"done":false}
[debug] [2025-07-30T11:30:04.722Z] [update-default-us-central1-confirmAppointment] Retrying task index 0
[debug] [2025-07-30T11:30:04.723Z] Checked if tokens are valid: true, expires at: 1753877672277
[debug] [2025-07-30T11:30:04.723Z] Checked if tokens are valid: true, expires at: 1753877672277
[debug] [2025-07-30T11:30:04.724Z] >>> [apiv2][query] GET https://cloudfunctions.googleapis.com/v2/projects/azimbalife055/locations/us-central1/operations/operation-1753874946010-63b23d5232e3d-353a99b3-bf18ec12 [none]
[debug] [2025-07-30T11:30:06.808Z] <<< [apiv2][status] GET https://cloudfunctions.googleapis.com/v2/projects/azimbalife055/locations/us-central1/operations/operation-1753874946010-63b23d5232e3d-353a99b3-bf18ec12 200
[debug] [2025-07-30T11:30:06.809Z] <<< [apiv2][body] GET https://cloudfunctions.googleapis.com/v2/projects/azimbalife055/locations/us-central1/operations/operation-1753874946010-63b23d5232e3d-353a99b3-bf18ec12 {"name":"projects/azimbalife055/locations/us-central1/operations/operation-1753874946010-63b23d5232e3d-353a99b3-bf18ec12","metadata":{"@type":"type.googleapis.com/google.cloud.functions.v2.OperationMetadata","createTime":"2025-07-30T11:29:06.975106629Z","target":"projects/azimbalife055/locations/us-central1/functions/confirmAppointment","verb":"update","cancelRequested":false,"apiVersion":"v2","requestResource":{"@type":"type.googleapis.com/google.cloud.functions.v2.Function","name":"projects/azimbalife055/locations/us-central1/functions/confirmAppointment","buildConfig":{"runtime":"nodejs22","entryPoint":"confirmAppointment","source":{"storageSource":{"bucket":"gcf-v2-sources-78443464091-us-central1","object":"confirmAppointment/function-source.zip","generation":"1753874946925870"}},"environmentVariables":{"GOOGLE_NODE_RUN_SCRIPTS":""},"dockerRepository":"projects/azimbalife055/locations/us-central1/repositories/gcf-artifacts","sourceProvenance":{"resolvedStorageSource":{"bucket":"gcf-v2-sources-78443464091-us-central1","object":"confirmAppointment/function-source.zip","generation":"1753874334708588"}},"dockerRegistry":"ARTIFACT_REGISTRY","serviceAccount":"projects/azimbalife055/serviceAccounts/78443464091-compute@developer.gserviceaccount.com","automaticUpdatePolicy":{}},"serviceConfig":{"service":"projects/azimbalife055/locations/us-central1/services/confirmappointment","timeoutSeconds":60,"environmentVariables":{"FIREBASE_CONFIG":"{\"projectId\":\"azimbalife055\",\"databaseURL\":\"https://azimbalife055-default-rtdb.firebaseio.com\",\"storageBucket\":\"azimbalife055.firebasestorage.app\"}","GCLOUD_PROJECT":"azimbalife055","EVENTARC_CLOUD_EVENT_SOURCE":"projects/azimbalife055/locations/us-central1/services/confirmAppointment","FUNCTION_TARGET":"confirmAppointment","LOG_EXECUTION_ID":"true"},"maxInstanceCount":10,"ingressSettings":"ALLOW_ALL","uri":"https://confirmappointment-vy6tk2hf5q-uc.a.run.app","serviceAccountEmail":"78443464091-compute@developer.gserviceaccount.com","availableMemory":"256Mi","allTrafficOnLatestRevision":true,"revision":"confirmappointment-00017-nak","maxInstanceRequestConcurrency":80,"availableCpu":"1"},"state":"ACTIVE","labels":{"deployment-tool":"cli-firebase","firebase-functions-hash":"959a5908be9ff0a21bdd4c5ae2534dc2b89d262c"},"environment":"GEN_2","url":"https://us-central1-azimbalife055.cloudfunctions.net/confirmAppointment","satisfiesPzi":true},"stages":[{"name":"BUILD","message":"Build finished","state":"COMPLETE","resource":"projects/78443464091/locations/us-central1/builds/0cf4d2ac-363b-48b9-91a1-f33c992dbd02","resourceUri":"https://console.cloud.google.com/cloud-build/builds;region=us-central1/0cf4d2ac-363b-48b9-91a1-f33c992dbd02?project=78443464091"},{"name":"SERVICE","message":"Updating Cloud Run service","state":"IN_PROGRESS","resource":"projects/azimbalife055/locations/us-central1/services/confirmappointment","resourceUri":"https://console.cloud.google.com/run/detail/us-central1/confirmappointment?project=azimbalife055","stateMessages":[{"severity":"INFO","type":"CloudRunServiceNewRevisionTrafficInfo","message":"A new revision will be deployed serving with 100% traffic."}]}],"sourceToken":"ClZwcm9qZWN0cy83ODQ0MzQ2NDA5MS9sb2NhdGlvbnMvdXMtY2VudHJhbDEvYnVpbGRzLzBjZjRkMmFjLTM2M2ItNDhiOS05MWExLWYzM2M5OTJkYmQwMhJxdXMtY2VudHJhbDEtZG9ja2VyLnBrZy5kZXYvYXppbWJhbGlmZTA1NS9nY2YtYXJ0aWZhY3RzL2F6aW1iYWxpZmUwNTVfX3VzLS1jZW50cmFsMV9fY29uZmlybV9hcHBvaW50bWVudDp2ZXJzaW9uXzEYm4vhnKQCIklwcm9qZWN0cy9hemltYmFsaWZlMDU1L2xvY2F0aW9ucy91cy1jZW50cmFsMS9mdW5jdGlvbnMvY29uZmlybUFwcG9pbnRtZW50KgwItISoxAYQkOrqnAEyCG5vZGVqczIyOnYKI2djci5pby9nYWUtcnVudGltZXMvbm9kZWpzMjI6c3RhYmxlEk91cy1jZW50cmFsMS1kb2NrZXIucGtnLmRldi9zZXJ2ZXJsZXNzLXJ1bnRpbWVzL2dvb2dsZS0yMi1mdWxsL3J1bnRpbWVzL25vZGVqczIyQAE=","operationType":"UPDATE_FUNCTION","buildName":"projects/78443464091/locations/us-central1/builds/0cf4d2ac-363b-48b9-91a1-f33c992dbd02"},"done":false}
[debug] [2025-07-30T11:30:06.810Z] Got source token ClZwcm9qZWN0cy83ODQ0MzQ2NDA5MS9sb2NhdGlvbnMvdXMtY2VudHJhbDEvYnVpbGRzLzBjZjRkMmFjLTM2M2ItNDhiOS05MWExLWYzM2M5OTJkYmQwMhJxdXMtY2VudHJhbDEtZG9ja2VyLnBrZy5kZXYvYXppbWJhbGlmZTA1NS9nY2YtYXJ0aWZhY3RzL2F6aW1iYWxpZmUwNTVfX3VzLS1jZW50cmFsMV9fY29uZmlybV9hcHBvaW50bWVudDp2ZXJzaW9uXzEYm4vhnKQCIklwcm9qZWN0cy9hemltYmFsaWZlMDU1L2xvY2F0aW9ucy91cy1jZW50cmFsMS9mdW5jdGlvbnMvY29uZmlybUFwcG9pbnRtZW50KgwItISoxAYQkOrqnAEyCG5vZGVqczIyOnYKI2djci5pby9nYWUtcnVudGltZXMvbm9kZWpzMjI6c3RhYmxlEk91cy1jZW50cmFsMS1kb2NrZXIucGtnLmRldi9zZXJ2ZXJsZXNzLXJ1bnRpbWVzL2dvb2dsZS0yMi1mdWxsL3J1bnRpbWVzL25vZGVqczIyQAE= for region us-central1
[debug] [2025-07-30T11:30:16.818Z] [update-default-us-central1-confirmAppointment] Retrying task index 0
[debug] [2025-07-30T11:30:16.819Z] Checked if tokens are valid: true, expires at: 1753877672277
[debug] [2025-07-30T11:30:16.820Z] Checked if tokens are valid: true, expires at: 1753877672277
[debug] [2025-07-30T11:30:16.820Z] >>> [apiv2][query] GET https://cloudfunctions.googleapis.com/v2/projects/azimbalife055/locations/us-central1/operations/operation-1753874946010-63b23d5232e3d-353a99b3-bf18ec12 [none]
[debug] [2025-07-30T11:30:19.010Z] <<< [apiv2][status] GET https://cloudfunctions.googleapis.com/v2/projects/azimbalife055/locations/us-central1/operations/operation-1753874946010-63b23d5232e3d-353a99b3-bf18ec12 200
[debug] [2025-07-30T11:30:19.011Z] <<< [apiv2][body] GET https://cloudfunctions.googleapis.com/v2/projects/azimbalife055/locations/us-central1/operations/operation-1753874946010-63b23d5232e3d-353a99b3-bf18ec12 {"name":"projects/azimbalife055/locations/us-central1/operations/operation-1753874946010-63b23d5232e3d-353a99b3-bf18ec12","metadata":{"@type":"type.googleapis.com/google.cloud.functions.v2.OperationMetadata","createTime":"2025-07-30T11:29:06.975106629Z","endTime":"2025-07-30T11:30:10.459571045Z","target":"projects/azimbalife055/locations/us-central1/functions/confirmAppointment","verb":"update","cancelRequested":false,"apiVersion":"v2","requestResource":{"@type":"type.googleapis.com/google.cloud.functions.v2.Function","name":"projects/azimbalife055/locations/us-central1/functions/confirmAppointment","buildConfig":{"runtime":"nodejs22","entryPoint":"confirmAppointment","source":{"storageSource":{"bucket":"gcf-v2-sources-78443464091-us-central1","object":"confirmAppointment/function-source.zip","generation":"1753874946925870"}},"environmentVariables":{"GOOGLE_NODE_RUN_SCRIPTS":""},"dockerRepository":"projects/azimbalife055/locations/us-central1/repositories/gcf-artifacts","sourceProvenance":{"resolvedStorageSource":{"bucket":"gcf-v2-sources-78443464091-us-central1","object":"confirmAppointment/function-source.zip","generation":"1753874334708588"}},"dockerRegistry":"ARTIFACT_REGISTRY","serviceAccount":"projects/azimbalife055/serviceAccounts/78443464091-compute@developer.gserviceaccount.com","automaticUpdatePolicy":{}},"serviceConfig":{"service":"projects/azimbalife055/locations/us-central1/services/confirmappointment","timeoutSeconds":60,"environmentVariables":{"FIREBASE_CONFIG":"{\"projectId\":\"azimbalife055\",\"databaseURL\":\"https://azimbalife055-default-rtdb.firebaseio.com\",\"storageBucket\":\"azimbalife055.firebasestorage.app\"}","GCLOUD_PROJECT":"azimbalife055","EVENTARC_CLOUD_EVENT_SOURCE":"projects/azimbalife055/locations/us-central1/services/confirmAppointment","FUNCTION_TARGET":"confirmAppointment","LOG_EXECUTION_ID":"true"},"maxInstanceCount":10,"ingressSettings":"ALLOW_ALL","uri":"https://confirmappointment-vy6tk2hf5q-uc.a.run.app","serviceAccountEmail":"78443464091-compute@developer.gserviceaccount.com","availableMemory":"256Mi","allTrafficOnLatestRevision":true,"revision":"confirmappointment-00017-nak","maxInstanceRequestConcurrency":80,"availableCpu":"1"},"state":"ACTIVE","labels":{"deployment-tool":"cli-firebase","firebase-functions-hash":"959a5908be9ff0a21bdd4c5ae2534dc2b89d262c"},"environment":"GEN_2","url":"https://us-central1-azimbalife055.cloudfunctions.net/confirmAppointment","satisfiesPzi":true},"stages":[{"name":"BUILD","message":"Build finished","state":"COMPLETE","resource":"projects/78443464091/locations/us-central1/builds/0cf4d2ac-363b-48b9-91a1-f33c992dbd02","resourceUri":"https://console.cloud.google.com/cloud-build/builds;region=us-central1/0cf4d2ac-363b-48b9-91a1-f33c992dbd02?project=78443464091"},{"name":"SERVICE","message":"Updating Cloud Run service","state":"COMPLETE","resource":"projects/azimbalife055/locations/us-central1/services/confirmappointment","resourceUri":"https://console.cloud.google.com/run/detail/us-central1/confirmappointment?project=azimbalife055","stateMessages":[{"severity":"INFO","type":"CloudRunServiceNewRevisionTrafficInfo","message":"A new revision will be deployed serving with 100% traffic."}]}],"sourceToken":"ClZwcm9qZWN0cy83ODQ0MzQ2NDA5MS9sb2NhdGlvbnMvdXMtY2VudHJhbDEvYnVpbGRzLzBjZjRkMmFjLTM2M2ItNDhiOS05MWExLWYzM2M5OTJkYmQwMhJxdXMtY2VudHJhbDEtZG9ja2VyLnBrZy5kZXYvYXppbWJhbGlmZTA1NS9nY2YtYXJ0aWZhY3RzL2F6aW1iYWxpZmUwNTVfX3VzLS1jZW50cmFsMV9fY29uZmlybV9hcHBvaW50bWVudDp2ZXJzaW9uXzEYm4vhnKQCIklwcm9qZWN0cy9hemltYmFsaWZlMDU1L2xvY2F0aW9ucy91cy1jZW50cmFsMS9mdW5jdGlvbnMvY29uZmlybUFwcG9pbnRtZW50KgwItISoxAYQkOrqnAEyCG5vZGVqczIyOnYKI2djci5pby9nYWUtcnVudGltZXMvbm9kZWpzMjI6c3RhYmxlEk91cy1jZW50cmFsMS1kb2NrZXIucGtnLmRldi9zZXJ2ZXJsZXNzLXJ1bnRpbWVzL2dvb2dsZS0yMi1mdWxsL3J1bnRpbWVzL25vZGVqczIyQAE=","operationType":"UPDATE_FUNCTION","buildName":"projects/78443464091/locations/us-central1/builds/0cf4d2ac-363b-48b9-91a1-f33c992dbd02"},"done":true,"response":{"@type":"type.googleapis.com/google.cloud.functions.v2.Function","name":"projects/azimbalife055/locations/us-central1/functions/confirmAppointment","buildConfig":{"build":"projects/78443464091/locations/us-central1/builds/0cf4d2ac-363b-48b9-91a1-f33c992dbd02","runtime":"nodejs22","entryPoint":"confirmAppointment","source":{"storageSource":{"bucket":"gcf-v2-sources-78443464091-us-central1","object":"confirmAppointment/function-source.zip","generation":"1753874946925870"}},"environmentVariables":{"GOOGLE_NODE_RUN_SCRIPTS":""},"dockerRepository":"projects/azimbalife055/locations/us-central1/repositories/gcf-artifacts","sourceProvenance":{"resolvedStorageSource":{"bucket":"gcf-v2-sources-78443464091-us-central1","object":"confirmAppointment/function-source.zip","generation":"1753874946925870"}},"dockerRegistry":"ARTIFACT_REGISTRY","serviceAccount":"projects/azimbalife055/serviceAccounts/78443464091-compute@developer.gserviceaccount.com","automaticUpdatePolicy":{}},"serviceConfig":{"service":"projects/azimbalife055/locations/us-central1/services/confirmappointment","timeoutSeconds":60,"environmentVariables":{"FIREBASE_CONFIG":"{\"projectId\":\"azimbalife055\",\"databaseURL\":\"https://azimbalife055-default-rtdb.firebaseio.com\",\"storageBucket\":\"azimbalife055.firebasestorage.app\"}","GCLOUD_PROJECT":"azimbalife055","EVENTARC_CLOUD_EVENT_SOURCE":"projects/azimbalife055/locations/us-central1/services/confirmAppointment","FUNCTION_TARGET":"confirmAppointment","LOG_EXECUTION_ID":"true"},"maxInstanceCount":10,"ingressSettings":"ALLOW_ALL","uri":"https://confirmappointment-vy6tk2hf5q-uc.a.run.app","serviceAccountEmail":"78443464091-compute@developer.gserviceaccount.com","availableMemory":"256Mi","allTrafficOnLatestRevision":true,"revision":"confirmappointment-00018-haf","maxInstanceRequestConcurrency":80,"availableCpu":"1"},"state":"ACTIVE","updateTime":"2025-07-30T11:29:06.978962028Z","labels":{"deployment-tool":"cli-firebase","firebase-functions-hash":"959a5908be9ff0a21bdd4c5ae2534dc2b89d262c"},"environment":"GEN_2","url":"https://us-central1-azimbalife055.cloudfunctions.net/confirmAppointment","createTime":"2025-07-24T19:43:54.611466338Z","satisfiesPzi":true}}
[debug] [2025-07-30T11:30:19.012Z] Got source token ClZwcm9qZWN0cy83ODQ0MzQ2NDA5MS9sb2NhdGlvbnMvdXMtY2VudHJhbDEvYnVpbGRzLzBjZjRkMmFjLTM2M2ItNDhiOS05MWExLWYzM2M5OTJkYmQwMhJxdXMtY2VudHJhbDEtZG9ja2VyLnBrZy5kZXYvYXppbWJhbGlmZTA1NS9nY2YtYXJ0aWZhY3RzL2F6aW1iYWxpZmUwNTVfX3VzLS1jZW50cmFsMV9fY29uZmlybV9hcHBvaW50bWVudDp2ZXJzaW9uXzEYm4vhnKQCIklwcm9qZWN0cy9hemltYmFsaWZlMDU1L2xvY2F0aW9ucy91cy1jZW50cmFsMS9mdW5jdGlvbnMvY29uZmlybUFwcG9pbnRtZW50KgwItISoxAYQkOrqnAEyCG5vZGVqczIyOnYKI2djci5pby9nYWUtcnVudGltZXMvbm9kZWpzMjI6c3RhYmxlEk91cy1jZW50cmFsMS1kb2NrZXIucGtnLmRldi9zZXJ2ZXJsZXNzLXJ1bnRpbWVzL2dvb2dsZS0yMi1mdWxsL3J1bnRpbWVzL25vZGVqczIyQAE= for region us-central1
[info] +  functions[confirmAppointment(us-central1)] Successful update operation. 
[debug] [2025-07-30T11:30:19.022Z] Total Function Deployment time: 73749
[debug] [2025-07-30T11:30:19.023Z] 1 Functions Deployed
[debug] [2025-07-30T11:30:19.023Z] 0 Functions Errored
[debug] [2025-07-30T11:30:19.024Z] 0 Function Deployments Aborted
[debug] [2025-07-30T11:30:19.024Z] Average Function Deployment time: 73748
[info] Function URL (confirmAppointment(us-central1)): https://confirmappointment-vy6tk2hf5q-uc.a.run.app
[debug] [2025-07-30T11:30:20.434Z] Checked if tokens are valid: true, expires at: 1753877672277
[debug] [2025-07-30T11:30:20.434Z] Checked if tokens are valid: true, expires at: 1753877672277
[debug] [2025-07-30T11:30:20.435Z] >>> [apiv2][query] GET https://artifactregistry.googleapis.com/v1/projects/azimbalife055/locations/us-central1/repositories/gcf-artifacts [none]
[debug] [2025-07-30T11:30:22.517Z] <<< [apiv2][status] GET https://artifactregistry.googleapis.com/v1/projects/azimbalife055/locations/us-central1/repositories/gcf-artifacts 200
[debug] [2025-07-30T11:30:22.518Z] <<< [apiv2][body] GET https://artifactregistry.googleapis.com/v1/projects/azimbalife055/locations/us-central1/repositories/gcf-artifacts {"name":"projects/azimbalife055/locations/us-central1/repositories/gcf-artifacts","format":"DOCKER","description":"This repository is created and used by Cloud Functions for storing function docker images.","labels":{"goog-managed-by":"cloudfunctions"},"createTime":"2025-07-24T19:44:03.887665Z","updateTime":"2025-07-30T11:29:37.897017Z","mode":"STANDARD_REPOSITORY","cleanupPolicies":{"firebase-functions-cleanup":{"id":"firebase-functions-cleanup","action":"DELETE","condition":{"tagState":"ANY","olderThan":"86400s"}}},"sizeBytes":"201723666","vulnerabilityScanningConfig":{"lastEnableTime":"2025-07-24T19:43:54.822142777Z","enablementState":"SCANNING_DISABLED","enablementStateReason":"API containerscanning.googleapis.com is not enabled."},"satisfiesPzi":true,"registryUri":"us-central1-docker.pkg.dev/azimbalife055/gcf-artifacts"}
[info] 
[info] +  Deploy complete! 
[info] 
[info] Project Console: https://console.firebase.google.com/project/azimbalife055/overview
[debug] [2025-07-30T11:32:40.818Z] ----------------------------------------------------------------------
[debug] [2025-07-30T11:32:40.823Z] Command:       C:\Program Files\nodejs\node.exe C:\Users\agath\AppData\Roaming\npm\node_modules\firebase-tools\lib\bin\firebase.js deploy --only functions --debug
[debug] [2025-07-30T11:32:40.824Z] CLI Version:   14.11.1
[debug] [2025-07-30T11:32:40.824Z] Platform:      win32
[debug] [2025-07-30T11:32:40.824Z] Node Version:  v22.17.1
[debug] [2025-07-30T11:32:40.825Z] Time:          Wed Jul 30 2025 14:32:40 GMT+0300 (East Africa Time)
[debug] [2025-07-30T11:32:40.825Z] ----------------------------------------------------------------------
[debug] 
[debug] [2025-07-30T11:32:41.241Z] > command requires scopes: ["email","openid","https://www.googleapis.com/auth/cloudplatformprojects.readonly","https://www.googleapis.com/auth/firebase","https://www.googleapis.com/auth/cloud-platform"]
[debug] [2025-07-30T11:32:41.244Z] > authorizing via signed-in user (ssenkubugeabbey055@gmail.com)
[debug] [2025-07-30T11:32:41.245Z] [iam] checking project azimbalife055 for permissions ["cloudfunctions.functions.create","cloudfunctions.functions.delete","cloudfunctions.functions.get","cloudfunctions.functions.list","cloudfunctions.functions.update","cloudfunctions.operations.get","firebase.projects.get"]
[debug] [2025-07-30T11:32:41.248Z] Checked if tokens are valid: true, expires at: 1753877672277
[debug] [2025-07-30T11:32:41.248Z] Checked if tokens are valid: true, expires at: 1753877672277
[debug] [2025-07-30T11:32:41.251Z] >>> [apiv2][query] POST https://cloudresourcemanager.googleapis.com/v1/projects/azimbalife055:testIamPermissions [none]
[debug] [2025-07-30T11:32:41.251Z] >>> [apiv2][(partial)header] POST https://cloudresourcemanager.googleapis.com/v1/projects/azimbalife055:testIamPermissions x-goog-quota-user=projects/azimbalife055
[debug] [2025-07-30T11:32:41.252Z] >>> [apiv2][body] POST https://cloudresourcemanager.googleapis.com/v1/projects/azimbalife055:testIamPermissions {"permissions":["cloudfunctions.functions.create","cloudfunctions.functions.delete","cloudfunctions.functions.get","cloudfunctions.functions.list","cloudfunctions.functions.update","cloudfunctions.operations.get","firebase.projects.get"]}
[debug] [2025-07-30T11:32:43.603Z] <<< [apiv2][status] POST https://cloudresourcemanager.googleapis.com/v1/projects/azimbalife055:testIamPermissions 200
[debug] [2025-07-30T11:32:43.604Z] <<< [apiv2][body] POST https://cloudresourcemanager.googleapis.com/v1/projects/azimbalife055:testIamPermissions {"permissions":["cloudfunctions.functions.create","cloudfunctions.functions.delete","cloudfunctions.functions.get","cloudfunctions.functions.list","cloudfunctions.functions.update","cloudfunctions.operations.get","firebase.projects.get"]}
[debug] [2025-07-30T11:32:43.605Z] Checked if tokens are valid: true, expires at: 1753877672277
[debug] [2025-07-30T11:32:43.605Z] Checked if tokens are valid: true, expires at: 1753877672277
[debug] [2025-07-30T11:32:43.606Z] >>> [apiv2][query] POST https://iam.googleapis.com/v1/projects/azimbalife055/serviceAccounts/azimbalife055@appspot.gserviceaccount.com:testIamPermissions [none]
[debug] [2025-07-30T11:32:43.606Z] >>> [apiv2][body] POST https://iam.googleapis.com/v1/projects/azimbalife055/serviceAccounts/azimbalife055@appspot.gserviceaccount.com:testIamPermissions {"permissions":["iam.serviceAccounts.actAs"]}
[debug] [2025-07-30T11:32:45.331Z] <<< [apiv2][status] POST https://iam.googleapis.com/v1/projects/azimbalife055/serviceAccounts/azimbalife055@appspot.gserviceaccount.com:testIamPermissions 200
[debug] [2025-07-30T11:32:45.332Z] <<< [apiv2][body] POST https://iam.googleapis.com/v1/projects/azimbalife055/serviceAccounts/azimbalife055@appspot.gserviceaccount.com:testIamPermissions {"permissions":["iam.serviceAccounts.actAs"]}
[info] 
[info] === Deploying to 'azimbalife055'...
[info] 
[info] i  deploying functions 
[debug] [2025-07-30T11:32:45.339Z] Checked if tokens are valid: true, expires at: 1753877672277
[debug] [2025-07-30T11:32:45.340Z] Checked if tokens are valid: true, expires at: 1753877672277
[debug] [2025-07-30T11:32:45.340Z] >>> [apiv2][query] GET https://cloudresourcemanager.googleapis.com/v1/projects/azimbalife055 [none]
[debug] [2025-07-30T11:32:45.740Z] <<< [apiv2][status] GET https://cloudresourcemanager.googleapis.com/v1/projects/azimbalife055 200
[debug] [2025-07-30T11:32:45.741Z] <<< [apiv2][body] GET https://cloudresourcemanager.googleapis.com/v1/projects/azimbalife055 {"projectNumber":"78443464091","projectId":"azimbalife055","lifecycleState":"ACTIVE","name":"AZimbalife055","labels":{"firebase":"enabled","firebase-core":"disabled"},"createTime":"2025-07-08T10:17:47.243356Z"}
[info] i  functions: preparing codebase default for deployment 
[info] i  functions: ensuring required API cloudfunctions.googleapis.com is enabled... 
[info] i  functions: ensuring required API cloudbuild.googleapis.com is enabled... 
[info] i  artifactregistry: ensuring required API artifactregistry.googleapis.com is enabled... 
[debug] [2025-07-30T11:32:45.748Z] Checked if tokens are valid: true, expires at: 1753877672277
[debug] [2025-07-30T11:32:45.748Z] Checked if tokens are valid: true, expires at: 1753877672277
[debug] [2025-07-30T11:32:45.749Z] >>> [apiv2][query] GET https://firebase.googleapis.com/v1beta1/projects/azimbalife055/adminSdkConfig [none]
[debug] [2025-07-30T11:32:47.277Z] <<< [apiv2][status] GET https://firebase.googleapis.com/v1beta1/projects/azimbalife055/adminSdkConfig 200
[debug] [2025-07-30T11:32:47.278Z] <<< [apiv2][body] GET https://firebase.googleapis.com/v1beta1/projects/azimbalife055/adminSdkConfig {"projectId":"azimbalife055","databaseURL":"https://azimbalife055-default-rtdb.firebaseio.com","storageBucket":"azimbalife055.firebasestorage.app"}
[debug] [2025-07-30T11:32:47.280Z] Checked if tokens are valid: true, expires at: 1753877672277
[debug] [2025-07-30T11:32:47.280Z] Checked if tokens are valid: true, expires at: 1753877672277
[debug] [2025-07-30T11:32:47.281Z] >>> [apiv2][query] GET https://runtimeconfig.googleapis.com/v1beta1/projects/azimbalife055/configs [none]
[debug] [2025-07-30T11:32:48.505Z] <<< [apiv2][status] GET https://runtimeconfig.googleapis.com/v1beta1/projects/azimbalife055/configs 200
[debug] [2025-07-30T11:32:48.506Z] <<< [apiv2][body] GET https://runtimeconfig.googleapis.com/v1beta1/projects/azimbalife055/configs {}
[debug] [2025-07-30T11:32:48.510Z] Validating nodejs source
[debug] [2025-07-30T11:32:51.646Z] > [functions] package.json contents: {
  "name": "functions",
  "description": "Cloud Functions for Firebase",
  "scripts": {
    "lint": "eslint .",
    "serve": "firebase emulators:start --only functions",
    "shell": "firebase functions:shell",
    "start": "npm run shell",
    "deploy": "firebase deploy --only functions",
    "logs": "firebase functions:log"
  },
  "engines": {
    "node": "22"
  },
  "main": "index.js",
  "dependencies": {
    "firebase-admin": "^13.4.0",
    "firebase-functions": "^6.4.0",
    "nodemailer": "^7.0.5"
  },
  "devDependencies": {
    "eslint": "^8.15.0",
    "eslint-config-google": "^0.14.0",
    "firebase-functions-test": "^3.1.0"
  },
  "private": true
}
[debug] [2025-07-30T11:32:51.647Z] Building nodejs source
[info] i  functions: Loading and analyzing source code for codebase default to determine what to deploy 
[debug] [2025-07-30T11:32:51.651Z] Could not find functions.yaml. Must use http discovery
[debug] [2025-07-30T11:32:51.672Z] Found firebase-functions binary at 'C:\Users\agath\Downloads\AZimbalife\functions\node_modules\.bin\firebase-functions'
[info] Serving at port 8190

[debug] [2025-07-30T11:32:53.287Z] Got response from /__/functions.yaml {"endpoints":{"confirmAppointment":{"availableMemoryMb":null,"timeoutSeconds":null,"minInstances":null,"maxInstances":10,"ingressSettings":null,"concurrency":null,"serviceAccountEmail":null,"vpc":null,"platform":"gcfv2","labels":{},"httpsTrigger":{},"entryPoint":"confirmAppointment"}},"specVersion":"v1alpha1","requiredAPIs":[],"extensions":{}}
[info] i  extensions: ensuring required API firebaseextensions.googleapis.com is enabled... 
[debug] [2025-07-30T11:32:57.363Z] > command requires scopes: ["email","openid","https://www.googleapis.com/auth/cloudplatformprojects.readonly","https://www.googleapis.com/auth/firebase","https://www.googleapis.com/auth/cloud-platform"]
[debug] [2025-07-30T11:32:57.364Z] > authorizing via signed-in user (ssenkubugeabbey055@gmail.com)
[debug] [2025-07-30T11:32:57.364Z] [iam] checking project azimbalife055 for permissions ["firebase.projects.get","firebaseextensions.instances.list"]
[debug] [2025-07-30T11:32:57.365Z] Checked if tokens are valid: true, expires at: 1753877672277
[debug] [2025-07-30T11:32:57.365Z] Checked if tokens are valid: true, expires at: 1753877672277
[debug] [2025-07-30T11:32:57.366Z] >>> [apiv2][query] POST https://cloudresourcemanager.googleapis.com/v1/projects/azimbalife055:testIamPermissions [none]
[debug] [2025-07-30T11:32:57.366Z] >>> [apiv2][(partial)header] POST https://cloudresourcemanager.googleapis.com/v1/projects/azimbalife055:testIamPermissions x-goog-quota-user=projects/azimbalife055
[debug] [2025-07-30T11:32:57.366Z] >>> [apiv2][body] POST https://cloudresourcemanager.googleapis.com/v1/projects/azimbalife055:testIamPermissions {"permissions":["firebase.projects.get","firebaseextensions.instances.list"]}
[debug] [2025-07-30T11:32:59.666Z] <<< [apiv2][status] POST https://cloudresourcemanager.googleapis.com/v1/projects/azimbalife055:testIamPermissions 200
[debug] [2025-07-30T11:32:59.666Z] <<< [apiv2][body] POST https://cloudresourcemanager.googleapis.com/v1/projects/azimbalife055:testIamPermissions {"permissions":["firebase.projects.get","firebaseextensions.instances.list"]}
[debug] [2025-07-30T11:32:59.667Z] Checked if tokens are valid: true, expires at: 1753877672277
[debug] [2025-07-30T11:32:59.668Z] Checked if tokens are valid: true, expires at: 1753877672277
[debug] [2025-07-30T11:32:59.669Z] >>> [apiv2][query] GET https://firebaseextensions.googleapis.com/v1beta/projects/azimbalife055/instances pageSize=100&pageToken=
[debug] [2025-07-30T11:33:02.638Z] <<< [apiv2][status] GET https://firebaseextensions.googleapis.com/v1beta/projects/azimbalife055/instances 200
[debug] [2025-07-30T11:33:02.638Z] <<< [apiv2][body] GET https://firebaseextensions.googleapis.com/v1beta/projects/azimbalife055/instances {}
[info] i  functions: preparing functions directory for uploading... 
[info] i  functions: packaged C:\Users\agath\Downloads\AZimbalife\functions (78.37 KB) for uploading 
[debug] [2025-07-30T11:33:02.738Z] Checked if tokens are valid: true, expires at: 1753877672277
[debug] [2025-07-30T11:33:02.738Z] Checked if tokens are valid: true, expires at: 1753877672277
[debug] [2025-07-30T11:33:02.739Z] >>> [apiv2][query] GET https://cloudfunctions.googleapis.com/v1/projects/azimbalife055/locations/-/functions [none]
[debug] [2025-07-30T11:33:04.168Z] <<< [apiv2][status] GET https://cloudfunctions.googleapis.com/v1/projects/azimbalife055/locations/-/functions 200
[debug] [2025-07-30T11:33:04.168Z] <<< [apiv2][body] GET https://cloudfunctions.googleapis.com/v1/projects/azimbalife055/locations/-/functions {}
[debug] [2025-07-30T11:33:04.169Z] Checked if tokens are valid: true, expires at: 1753877672277
[debug] [2025-07-30T11:33:04.170Z] Checked if tokens are valid: true, expires at: 1753877672277
[debug] [2025-07-30T11:33:04.171Z] >>> [apiv2][query] GET https://cloudfunctions.googleapis.com/v2/projects/azimbalife055/locations/-/functions filter=environment%3D%22GEN_2%22
[debug] [2025-07-30T11:33:05.504Z] <<< [apiv2][status] GET https://cloudfunctions.googleapis.com/v2/projects/azimbalife055/locations/-/functions 200
[debug] [2025-07-30T11:33:05.504Z] <<< [apiv2][body] GET https://cloudfunctions.googleapis.com/v2/projects/azimbalife055/locations/-/functions {"functions":[{"name":"projects/azimbalife055/locations/us-central1/functions/confirmAppointment","buildConfig":{"build":"projects/78443464091/locations/us-central1/builds/0cf4d2ac-363b-48b9-91a1-f33c992dbd02","runtime":"nodejs22","entryPoint":"confirmAppointment","source":{"storageSource":{"bucket":"gcf-v2-sources-78443464091-us-central1","object":"confirmAppointment/function-source.zip","generation":"1753874946925870"}},"environmentVariables":{"GOOGLE_NODE_RUN_SCRIPTS":""},"dockerRepository":"projects/azimbalife055/locations/us-central1/repositories/gcf-artifacts","sourceProvenance":{"resolvedStorageSource":{"bucket":"gcf-v2-sources-78443464091-us-central1","object":"confirmAppointment/function-source.zip","generation":"1753874946925870"}},"dockerRegistry":"ARTIFACT_REGISTRY","serviceAccount":"projects/azimbalife055/serviceAccounts/78443464091-compute@developer.gserviceaccount.com","automaticUpdatePolicy":{}},"serviceConfig":{"service":"projects/azimbalife055/locations/us-central1/services/confirmappointment","timeoutSeconds":60,"environmentVariables":{"FIREBASE_CONFIG":"{\"projectId\":\"azimbalife055\",\"databaseURL\":\"https://azimbalife055-default-rtdb.firebaseio.com\",\"storageBucket\":\"azimbalife055.firebasestorage.app\"}","GCLOUD_PROJECT":"azimbalife055","EVENTARC_CLOUD_EVENT_SOURCE":"projects/azimbalife055/locations/us-central1/services/confirmAppointment","FUNCTION_TARGET":"confirmAppointment","LOG_EXECUTION_ID":"true"},"maxInstanceCount":10,"ingressSettings":"ALLOW_ALL","uri":"https://confirmappointment-vy6tk2hf5q-uc.a.run.app","serviceAccountEmail":"78443464091-compute@developer.gserviceaccount.com","availableMemory":"256Mi","allTrafficOnLatestRevision":true,"revision":"confirmappointment-00018-haf","maxInstanceRequestConcurrency":80,"availableCpu":"1"},"state":"ACTIVE","updateTime":"2025-07-30T11:30:10.569783086Z","labels":{"deployment-tool":"cli-firebase","firebase-functions-hash":"959a5908be9ff0a21bdd4c5ae2534dc2b89d262c"},"environment":"GEN_2","url":"https://us-central1-azimbalife055.cloudfunctions.net/confirmAppointment","createTime":"2025-07-24T19:43:54.611466338Z","satisfiesPzi":true}]}
[info] i  functions: ensuring required API run.googleapis.com is enabled... 
[info] i  functions: ensuring required API eventarc.googleapis.com is enabled... 
[info] i  functions: ensuring required API pubsub.googleapis.com is enabled... 
[info] i  functions: ensuring required API storage.googleapis.com is enabled... 
[info] i  functions: generating the service identity for pubsub.googleapis.com... 
[debug] [2025-07-30T11:33:05.515Z] Checked if tokens are valid: true, expires at: 1753877672277
[debug] [2025-07-30T11:33:05.516Z] Checked if tokens are valid: true, expires at: 1753877672277
[info] i  functions: generating the service identity for eventarc.googleapis.com... 
[debug] [2025-07-30T11:33:05.516Z] Checked if tokens are valid: true, expires at: 1753877672277
[debug] [2025-07-30T11:33:05.517Z] Checked if tokens are valid: true, expires at: 1753877672277
[debug] [2025-07-30T11:33:05.518Z] >>> [apiv2][query] POST https://serviceusage.googleapis.com/v1beta1/projects/78443464091/services/pubsub.googleapis.com:generateServiceIdentity [none]
[debug] [2025-07-30T11:33:05.518Z] >>> [apiv2][(partial)header] POST https://serviceusage.googleapis.com/v1beta1/projects/78443464091/services/pubsub.googleapis.com:generateServiceIdentity x-goog-quota-user=projects/78443464091
[debug] [2025-07-30T11:33:05.519Z] >>> [apiv2][body] POST https://serviceusage.googleapis.com/v1beta1/projects/78443464091/services/pubsub.googleapis.com:generateServiceIdentity {}
[debug] [2025-07-30T11:33:05.522Z] >>> [apiv2][query] POST https://serviceusage.googleapis.com/v1beta1/projects/78443464091/services/eventarc.googleapis.com:generateServiceIdentity [none]
[debug] [2025-07-30T11:33:05.523Z] >>> [apiv2][(partial)header] POST https://serviceusage.googleapis.com/v1beta1/projects/78443464091/services/eventarc.googleapis.com:generateServiceIdentity x-goog-quota-user=projects/78443464091
[debug] [2025-07-30T11:33:05.524Z] >>> [apiv2][body] POST https://serviceusage.googleapis.com/v1beta1/projects/78443464091/services/eventarc.googleapis.com:generateServiceIdentity {}
[debug] [2025-07-30T11:33:08.075Z] <<< [apiv2][status] POST https://serviceusage.googleapis.com/v1beta1/projects/78443464091/services/eventarc.googleapis.com:generateServiceIdentity 200
[debug] [2025-07-30T11:33:08.076Z] <<< [apiv2][body] POST https://serviceusage.googleapis.com/v1beta1/projects/78443464091/services/eventarc.googleapis.com:generateServiceIdentity {"name":"operations/finished.DONE_OPERATION","done":true,"response":{"@type":"type.googleapis.com/google.api.serviceusage.v1beta1.ServiceIdentity","email":"service-78443464091@gcp-sa-eventarc.iam.gserviceaccount.com","uniqueId":"114616746748110808117"}}
[debug] [2025-07-30T11:33:08.784Z] <<< [apiv2][status] POST https://serviceusage.googleapis.com/v1beta1/projects/78443464091/services/pubsub.googleapis.com:generateServiceIdentity 200
[debug] [2025-07-30T11:33:08.784Z] <<< [apiv2][body] POST https://serviceusage.googleapis.com/v1beta1/projects/78443464091/services/pubsub.googleapis.com:generateServiceIdentity {"name":"operations/finished.DONE_OPERATION","done":true,"response":{"@type":"type.googleapis.com/google.api.serviceusage.v1beta1.ServiceIdentity","email":"service-78443464091@gcp-sa-pubsub.iam.gserviceaccount.com","uniqueId":"103593887662797017039"}}
[debug] [2025-07-30T11:33:08.789Z] Checked if tokens are valid: true, expires at: 1753877672277
[debug] [2025-07-30T11:33:08.789Z] Checked if tokens are valid: true, expires at: 1753877672277
[debug] [2025-07-30T11:33:08.790Z] >>> [apiv2][query] GET https://cloudresourcemanager.googleapis.com/v1/projects/azimbalife055 [none]
[debug] [2025-07-30T11:33:10.513Z] <<< [apiv2][status] GET https://cloudresourcemanager.googleapis.com/v1/projects/azimbalife055 200
[debug] [2025-07-30T11:33:10.513Z] <<< [apiv2][body] GET https://cloudresourcemanager.googleapis.com/v1/projects/azimbalife055 {"projectNumber":"78443464091","projectId":"azimbalife055","lifecycleState":"ACTIVE","name":"AZimbalife055","labels":{"firebase":"enabled","firebase-core":"disabled"},"createTime":"2025-07-08T10:17:47.243356Z"}
[debug] [2025-07-30T11:33:10.515Z] Checked if tokens are valid: true, expires at: 1753877672277
[debug] [2025-07-30T11:33:10.515Z] Checked if tokens are valid: true, expires at: 1753877672277
[debug] [2025-07-30T11:33:10.515Z] >>> [apiv2][query] GET https://compute.googleapis.com/compute/v1/projects/78443464091 [none]
[debug] [2025-07-30T11:33:11.613Z] <<< [apiv2][status] GET https://compute.googleapis.com/compute/v1/projects/78443464091 403
[debug] [2025-07-30T11:33:11.613Z] <<< [apiv2][body] GET https://compute.googleapis.com/compute/v1/projects/78443464091 {"error":{"code":403,"message":"Compute Engine API has not been used in project 78443464091 before or it is disabled. Enable it by visiting https://console.developers.google.com/apis/api/compute.googleapis.com/overview?project=78443464091 then retry. If you enabled this API recently, wait a few minutes for the action to propagate to our systems and retry.","errors":[{"message":"Compute Engine API has not been used in project 78443464091 before or it is disabled. Enable it by visiting https://console.developers.google.com/apis/api/compute.googleapis.com/overview?project=78443464091 then retry. If you enabled this API recently, wait a few minutes for the action to propagate to our systems and retry.","domain":"usageLimits","reason":"accessNotConfigured","extendedHelp":"https://console.developers.google.com"}],"status":"PERMISSION_DENIED","details":[{"@type":"type.googleapis.com/google.rpc.ErrorInfo","reason":"SERVICE_DISABLED","domain":"googleapis.com","metadata":{"activationUrl":"https://console.developers.google.com/apis/api/compute.googleapis.com/overview?project=78443464091","serviceTitle":"Compute Engine API","service":"compute.googleapis.com","containerInfo":"78443464091","consumer":"projects/78443464091"}},{"@type":"type.googleapis.com/google.rpc.LocalizedMessage","locale":"en-US","message":"Compute Engine API has not been used in project 78443464091 before or it is disabled. Enable it by visiting https://console.developers.google.com/apis/api/compute.googleapis.com/overview?project=78443464091 then retry. If you enabled this API recently, wait a few minutes for the action to propagate to our systems and retry."},{"@type":"type.googleapis.com/google.rpc.Help","links":[{"description":"Google developers console API activation","url":"https://console.developers.google.com/apis/api/compute.googleapis.com/overview?project=78443464091"}]}]}}
[debug] [2025-07-30T11:33:11.615Z] unable to look up default compute service account. Falling back to 78443464091-compute@developer.gserviceaccount.com. Error: {"name":"FirebaseError","children":[],"context":{"body":{"error":{"code":403,"message":"Compute Engine API has not been used in project 78443464091 before or it is disabled. Enable it by visiting https://console.developers.google.com/apis/api/compute.googleapis.com/overview?project=78443464091 then retry. If you enabled this API recently, wait a few minutes for the action to propagate to our systems and retry.","errors":[{"message":"Compute Engine API has not been used in project 78443464091 before or it is disabled. Enable it by visiting https://console.developers.google.com/apis/api/compute.googleapis.com/overview?project=78443464091 then retry. If you enabled this API recently, wait a few minutes for the action to propagate to our systems and retry.","domain":"usageLimits","reason":"accessNotConfigured","extendedHelp":"https://console.developers.google.com"}],"status":"PERMISSION_DENIED","details":[{"@type":"type.googleapis.com/google.rpc.ErrorInfo","reason":"SERVICE_DISABLED","domain":"googleapis.com","metadata":{"activationUrl":"https://console.developers.google.com/apis/api/compute.googleapis.com/overview?project=78443464091","serviceTitle":"Compute Engine API","service":"compute.googleapis.com","containerInfo":"78443464091","consumer":"projects/78443464091"}},{"@type":"type.googleapis.com/google.rpc.LocalizedMessage","locale":"en-US","message":"Compute Engine API has not been used in project 78443464091 before or it is disabled. Enable it by visiting https://console.developers.google.com/apis/api/compute.googleapis.com/overview?project=78443464091 then retry. If you enabled this API recently, wait a few minutes for the action to propagate to our systems and retry."},{"@type":"type.googleapis.com/google.rpc.Help","links":[{"description":"Google developers console API activation","url":"https://console.developers.google.com/apis/api/compute.googleapis.com/overview?project=78443464091"}]}]}},"response":{"statusCode":403}},"exit":1,"message":"Request to https://compute.googleapis.com/compute/v1/projects/78443464091 had HTTP Error: 403, Compute Engine API has not been used in project 78443464091 before or it is disabled. Enable it by visiting https://console.developers.google.com/apis/api/compute.googleapis.com/overview?project=78443464091 then retry. If you enabled this API recently, wait a few minutes for the action to propagate to our systems and retry.","status":403}
[debug] [2025-07-30T11:33:11.617Z] Checked if tokens are valid: true, expires at: 1753877672277
[debug] [2025-07-30T11:33:11.618Z] Checked if tokens are valid: true, expires at: 1753877672277
[debug] [2025-07-30T11:33:11.619Z] >>> [apiv2][query] GET https://cloudbilling.googleapis.com/v1/projects/azimbalife055/billingInfo [none]
[debug] [2025-07-30T11:33:12.773Z] <<< [apiv2][status] GET https://cloudbilling.googleapis.com/v1/projects/azimbalife055/billingInfo 200
[debug] [2025-07-30T11:33:12.774Z] <<< [apiv2][body] GET https://cloudbilling.googleapis.com/v1/projects/azimbalife055/billingInfo {"name":"projects/azimbalife055/billingInfo","projectId":"azimbalife055","billingAccountName":"billingAccounts/018028-893BE8-0257DF","billingEnabled":true}
[debug] [2025-07-30T11:33:12.778Z] Checked if tokens are valid: true, expires at: 1753877672277
[debug] [2025-07-30T11:33:12.779Z] Checked if tokens are valid: true, expires at: 1753877672277
[debug] [2025-07-30T11:33:12.779Z] >>> [apiv2][query] POST https://cloudfunctions.googleapis.com/v2/projects/azimbalife055/locations/us-central1/functions:generateUploadUrl [none]
[debug] [2025-07-30T11:33:14.696Z] <<< [apiv2][status] POST https://cloudfunctions.googleapis.com/v2/projects/azimbalife055/locations/us-central1/functions:generateUploadUrl 200
[debug] [2025-07-30T11:33:14.697Z] <<< [apiv2][body] POST https://cloudfunctions.googleapis.com/v2/projects/azimbalife055/locations/us-central1/functions:generateUploadUrl {"uploadUrl":"https://storage.googleapis.com/gcf-v2-uploads-78443464091.us-central1.cloudfunctions.appspot.com/6d24537d-4ec6-4f53-b90a-5ce753dd57f1.zip?GoogleAccessId=service-78443464091@gcf-admin-robot.iam.gserviceaccount.com&Expires=1753876994&Signature=b3vu4eG7Bgb8uw6vJQYKCLnZrEmtinOrq8BbkemXY6XL%2F8kj9X7Lw1VWZAoRBoEVNtkensO15z8D7ZGRxCotd9XFCB4gBeYa4ofmt2N56bKRg0FMaYsfhivv39iBNFkCkrdCft8gO3b24bYPHE6kE1wg2Q6fqlV6FrgB6Eh3dKjEvhtbybIKw%2F5GGScWp0067mN95jP33sEhShOxrO%2BcVNCf6g5Hv1tNuxRQKRpGoZaxWSaBDGUdtaHgdRrtIpzQ46Aiu0ptKkiFB0UGTWbDMWckN3XN5M%2FFA0VcauA1L0%2Bkoiro3JSDpG9kxdJwiu5wyWNPvyRLR7%2FLiIvgZIDuhg%3D%3D","storageSource":{"bucket":"gcf-v2-uploads-78443464091.us-central1.cloudfunctions.appspot.com","object":"6d24537d-4ec6-4f53-b90a-5ce753dd57f1.zip"}}
[debug] [2025-07-30T11:33:14.699Z] >>> [apiv2][query] PUT https://storage.googleapis.com/gcf-v2-uploads-78443464091.us-central1.cloudfunctions.appspot.com/6d24537d-4ec6-4f53-b90a-5ce753dd57f1.zip GoogleAccessId=service-78443464091%40gcf-admin-robot.iam.gserviceaccount.com&Expires=1753876994&Signature=b3vu4eG7Bgb8uw6vJQYKCLnZrEmtinOrq8BbkemXY6XL%2F8kj9X7Lw1VWZAoRBoEVNtkensO15z8D7ZGRxCotd9XFCB4gBeYa4ofmt2N56bKRg0FMaYsfhivv39iBNFkCkrdCft8gO3b24bYPHE6kE1wg2Q6fqlV6FrgB6Eh3dKjEvhtbybIKw%2F5GGScWp0067mN95jP33sEhShOxrO%2BcVNCf6g5Hv1tNuxRQKRpGoZaxWSaBDGUdtaHgdRrtIpzQ46Aiu0ptKkiFB0UGTWbDMWckN3XN5M%2FFA0VcauA1L0%2Bkoiro3JSDpG9kxdJwiu5wyWNPvyRLR7%2FLiIvgZIDuhg%3D%3D
[debug] [2025-07-30T11:33:14.699Z] >>> [apiv2][body] PUT https://storage.googleapis.com/gcf-v2-uploads-78443464091.us-central1.cloudfunctions.appspot.com/6d24537d-4ec6-4f53-b90a-5ce753dd57f1.zip [stream]
[debug] [2025-07-30T11:33:16.840Z] <<< [apiv2][status] PUT https://storage.googleapis.com/gcf-v2-uploads-78443464091.us-central1.cloudfunctions.appspot.com/6d24537d-4ec6-4f53-b90a-5ce753dd57f1.zip 200
[debug] [2025-07-30T11:33:16.841Z] <<< [apiv2][body] PUT https://storage.googleapis.com/gcf-v2-uploads-78443464091.us-central1.cloudfunctions.appspot.com/6d24537d-4ec6-4f53-b90a-5ce753dd57f1.zip [omitted]
[info] +  functions: functions folder uploaded successfully 
[info] i  functions: updating Node.js 22 (2nd Gen) function confirmAppointment(us-central1)... 
[debug] [2025-07-30T11:33:16.853Z] Checked if tokens are valid: true, expires at: 1753877672277
[debug] [2025-07-30T11:33:16.853Z] Checked if tokens are valid: true, expires at: 1753877672277
[debug] [2025-07-30T11:33:16.854Z] >>> [apiv2][query] PATCH https://cloudfunctions.googleapis.com/v2/projects/azimbalife055/locations/us-central1/functions/confirmAppointment updateMask=name%2CbuildConfig.runtime%2CbuildConfig.entryPoint%2CbuildConfig.source.storageSource.bucket%2CbuildConfig.source.storageSource.object%2CbuildConfig.environmentVariables%2CbuildConfig.sourceToken%2CserviceConfig.environmentVariables%2CserviceConfig.ingressSettings%2CserviceConfig.timeoutSeconds%2CserviceConfig.serviceAccountEmail%2CserviceConfig.availableMemory%2CserviceConfig.minInstanceCount%2CserviceConfig.maxInstanceCount%2CserviceConfig.maxInstanceRequestConcurrency%2CserviceConfig.availableCpu%2CserviceConfig.vpcConnector%2CserviceConfig.vpcConnectorEgressSettings%2Clabels
[debug] [2025-07-30T11:33:16.854Z] >>> [apiv2][body] PATCH https://cloudfunctions.googleapis.com/v2/projects/azimbalife055/locations/us-central1/functions/confirmAppointment {"name":"projects/azimbalife055/locations/us-central1/functions/confirmAppointment","buildConfig":{"runtime":"nodejs22","entryPoint":"confirmAppointment","source":{"storageSource":{"bucket":"gcf-v2-uploads-78443464091.us-central1.cloudfunctions.appspot.com","object":"6d24537d-4ec6-4f53-b90a-5ce753dd57f1.zip"}},"environmentVariables":{"GOOGLE_NODE_RUN_SCRIPTS":""}},"serviceConfig":{"environmentVariables":{"FIREBASE_CONFIG":"{\"projectId\":\"azimbalife055\",\"databaseURL\":\"https://azimbalife055-default-rtdb.firebaseio.com\",\"storageBucket\":\"azimbalife055.firebasestorage.app\"}","GCLOUD_PROJECT":"azimbalife055","EVENTARC_CLOUD_EVENT_SOURCE":"projects/azimbalife055/locations/us-central1/services/confirmAppointment","FUNCTION_TARGET":"confirmAppointment","LOG_EXECUTION_ID":"true"},"ingressSettings":null,"timeoutSeconds":null,"serviceAccountEmail":null,"availableMemory":"256Mi","minInstanceCount":null,"maxInstanceCount":10,"maxInstanceRequestConcurrency":80,"availableCpu":"1","vpcConnector":null,"vpcConnectorEgressSettings":null},"labels":{"deployment-tool":"cli-firebase","firebase-functions-hash":"434c5a49d996bc4361120df4540872068d9d31a0"}}
[debug] [2025-07-30T11:33:19.124Z] <<< [apiv2][status] PATCH https://cloudfunctions.googleapis.com/v2/projects/azimbalife055/locations/us-central1/functions/confirmAppointment 200
[debug] [2025-07-30T11:33:19.125Z] <<< [apiv2][body] PATCH https://cloudfunctions.googleapis.com/v2/projects/azimbalife055/locations/us-central1/functions/confirmAppointment {"name":"projects/azimbalife055/locations/us-central1/operations/operation-1753875197608-63b23e422430b-be1d2a6b-8ca6535c","metadata":{"@type":"type.googleapis.com/google.cloud.functions.v2.OperationMetadata","createTime":"2025-07-30T11:33:18.563278860Z","target":"projects/azimbalife055/locations/us-central1/functions/confirmAppointment","verb":"update","cancelRequested":false,"apiVersion":"v2"},"done":false}
[debug] [2025-07-30T11:33:19.126Z] Checked if tokens are valid: true, expires at: 1753877672277
[debug] [2025-07-30T11:33:19.126Z] Checked if tokens are valid: true, expires at: 1753877672277
[debug] [2025-07-30T11:33:19.127Z] >>> [apiv2][query] GET https://cloudfunctions.googleapis.com/v2/projects/azimbalife055/locations/us-central1/operations/operation-1753875197608-63b23e422430b-be1d2a6b-8ca6535c [none]
[debug] [2025-07-30T11:33:19.958Z] <<< [apiv2][status] GET https://cloudfunctions.googleapis.com/v2/projects/azimbalife055/locations/us-central1/operations/operation-1753875197608-63b23e422430b-be1d2a6b-8ca6535c 200
[debug] [2025-07-30T11:33:19.959Z] <<< [apiv2][body] GET https://cloudfunctions.googleapis.com/v2/projects/azimbalife055/locations/us-central1/operations/operation-1753875197608-63b23e422430b-be1d2a6b-8ca6535c {"name":"projects/azimbalife055/locations/us-central1/operations/operation-1753875197608-63b23e422430b-be1d2a6b-8ca6535c","metadata":{"@type":"type.googleapis.com/google.cloud.functions.v2.OperationMetadata","createTime":"2025-07-30T11:33:18.563278860Z","target":"projects/azimbalife055/locations/us-central1/functions/confirmAppointment","verb":"update","cancelRequested":false,"apiVersion":"v2","requestResource":{"@type":"type.googleapis.com/google.cloud.functions.v2.Function","name":"projects/azimbalife055/locations/us-central1/functions/confirmAppointment","buildConfig":{"runtime":"nodejs22","entryPoint":"confirmAppointment","source":{"storageSource":{"bucket":"gcf-v2-sources-78443464091-us-central1","object":"confirmAppointment/function-source.zip","generation":"1753875198493373"}},"environmentVariables":{"GOOGLE_NODE_RUN_SCRIPTS":""},"dockerRepository":"projects/azimbalife055/locations/us-central1/repositories/gcf-artifacts","sourceProvenance":{"resolvedStorageSource":{"bucket":"gcf-v2-sources-78443464091-us-central1","object":"confirmAppointment/function-source.zip","generation":"1753874946925870"}},"dockerRegistry":"ARTIFACT_REGISTRY","serviceAccount":"projects/azimbalife055/serviceAccounts/78443464091-compute@developer.gserviceaccount.com","automaticUpdatePolicy":{}},"serviceConfig":{"service":"projects/azimbalife055/locations/us-central1/services/confirmappointment","timeoutSeconds":60,"environmentVariables":{"FIREBASE_CONFIG":"{\"projectId\":\"azimbalife055\",\"databaseURL\":\"https://azimbalife055-default-rtdb.firebaseio.com\",\"storageBucket\":\"azimbalife055.firebasestorage.app\"}","GCLOUD_PROJECT":"azimbalife055","EVENTARC_CLOUD_EVENT_SOURCE":"projects/azimbalife055/locations/us-central1/services/confirmAppointment","FUNCTION_TARGET":"confirmAppointment","LOG_EXECUTION_ID":"true"},"maxInstanceCount":10,"ingressSettings":"ALLOW_ALL","uri":"https://confirmappointment-vy6tk2hf5q-uc.a.run.app","serviceAccountEmail":"78443464091-compute@developer.gserviceaccount.com","availableMemory":"256Mi","allTrafficOnLatestRevision":true,"revision":"confirmappointment-00018-haf","maxInstanceRequestConcurrency":80,"availableCpu":"1"},"state":"ACTIVE","labels":{"deployment-tool":"cli-firebase","firebase-functions-hash":"434c5a49d996bc4361120df4540872068d9d31a0"},"environment":"GEN_2","url":"https://us-central1-azimbalife055.cloudfunctions.net/confirmAppointment","satisfiesPzi":true},"stages":[{"name":"BUILD","message":"Build in progress","state":"IN_PROGRESS","resource":"projects/78443464091/locations/us-central1/builds/16bf70fa-4a69-4f78-8194-35898dcb7290","resourceUri":"https://console.cloud.google.com/cloud-build/builds;region=us-central1/16bf70fa-4a69-4f78-8194-35898dcb7290?project=78443464091"},{"name":"SERVICE","state":"NOT_STARTED"}],"operationType":"UPDATE_FUNCTION","buildName":"projects/78443464091/locations/us-central1/builds/16bf70fa-4a69-4f78-8194-35898dcb7290"},"done":false}
[debug] [2025-07-30T11:33:20.474Z] [update-default-us-central1-confirmAppointment] Retrying task index 0
[debug] [2025-07-30T11:33:20.475Z] Checked if tokens are valid: true, expires at: 1753877672277
[debug] [2025-07-30T11:33:20.475Z] Checked if tokens are valid: true, expires at: 1753877672277
[debug] [2025-07-30T11:33:20.476Z] >>> [apiv2][query] GET https://cloudfunctions.googleapis.com/v2/projects/azimbalife055/locations/us-central1/operations/operation-1753875197608-63b23e422430b-be1d2a6b-8ca6535c [none]
[debug] [2025-07-30T11:33:21.372Z] <<< [apiv2][status] GET https://cloudfunctions.googleapis.com/v2/projects/azimbalife055/locations/us-central1/operations/operation-1753875197608-63b23e422430b-be1d2a6b-8ca6535c 200
[debug] [2025-07-30T11:33:21.373Z] <<< [apiv2][body] GET https://cloudfunctions.googleapis.com/v2/projects/azimbalife055/locations/us-central1/operations/operation-1753875197608-63b23e422430b-be1d2a6b-8ca6535c {"name":"projects/azimbalife055/locations/us-central1/operations/operation-1753875197608-63b23e422430b-be1d2a6b-8ca6535c","metadata":{"@type":"type.googleapis.com/google.cloud.functions.v2.OperationMetadata","createTime":"2025-07-30T11:33:18.563278860Z","target":"projects/azimbalife055/locations/us-central1/functions/confirmAppointment","verb":"update","cancelRequested":false,"apiVersion":"v2","requestResource":{"@type":"type.googleapis.com/google.cloud.functions.v2.Function","name":"projects/azimbalife055/locations/us-central1/functions/confirmAppointment","buildConfig":{"runtime":"nodejs22","entryPoint":"confirmAppointment","source":{"storageSource":{"bucket":"gcf-v2-sources-78443464091-us-central1","object":"confirmAppointment/function-source.zip","generation":"1753875198493373"}},"environmentVariables":{"GOOGLE_NODE_RUN_SCRIPTS":""},"dockerRepository":"projects/azimbalife055/locations/us-central1/repositories/gcf-artifacts","sourceProvenance":{"resolvedStorageSource":{"bucket":"gcf-v2-sources-78443464091-us-central1","object":"confirmAppointment/function-source.zip","generation":"1753874946925870"}},"dockerRegistry":"ARTIFACT_REGISTRY","serviceAccount":"projects/azimbalife055/serviceAccounts/78443464091-compute@developer.gserviceaccount.com","automaticUpdatePolicy":{}},"serviceConfig":{"service":"projects/azimbalife055/locations/us-central1/services/confirmappointment","timeoutSeconds":60,"environmentVariables":{"FIREBASE_CONFIG":"{\"projectId\":\"azimbalife055\",\"databaseURL\":\"https://azimbalife055-default-rtdb.firebaseio.com\",\"storageBucket\":\"azimbalife055.firebasestorage.app\"}","GCLOUD_PROJECT":"azimbalife055","EVENTARC_CLOUD_EVENT_SOURCE":"projects/azimbalife055/locations/us-central1/services/confirmAppointment","FUNCTION_TARGET":"confirmAppointment","LOG_EXECUTION_ID":"true"},"maxInstanceCount":10,"ingressSettings":"ALLOW_ALL","uri":"https://confirmappointment-vy6tk2hf5q-uc.a.run.app","serviceAccountEmail":"78443464091-compute@developer.gserviceaccount.com","availableMemory":"256Mi","allTrafficOnLatestRevision":true,"revision":"confirmappointment-00018-haf","maxInstanceRequestConcurrency":80,"availableCpu":"1"},"state":"ACTIVE","labels":{"deployment-tool":"cli-firebase","firebase-functions-hash":"434c5a49d996bc4361120df4540872068d9d31a0"},"environment":"GEN_2","url":"https://us-central1-azimbalife055.cloudfunctions.net/confirmAppointment","satisfiesPzi":true},"stages":[{"name":"BUILD","message":"Build in progress","state":"IN_PROGRESS","resource":"projects/78443464091/locations/us-central1/builds/16bf70fa-4a69-4f78-8194-35898dcb7290","resourceUri":"https://console.cloud.google.com/cloud-build/builds;region=us-central1/16bf70fa-4a69-4f78-8194-35898dcb7290?project=78443464091"},{"name":"SERVICE","state":"NOT_STARTED"}],"operationType":"UPDATE_FUNCTION","buildName":"projects/78443464091/locations/us-central1/builds/16bf70fa-4a69-4f78-8194-35898dcb7290"},"done":false}
[debug] [2025-07-30T11:33:22.379Z] [update-default-us-central1-confirmAppointment] Retrying task index 0
[debug] [2025-07-30T11:33:22.380Z] Checked if tokens are valid: true, expires at: 1753877672277
[debug] [2025-07-30T11:33:22.380Z] Checked if tokens are valid: true, expires at: 1753877672277
[debug] [2025-07-30T11:33:22.381Z] >>> [apiv2][query] GET https://cloudfunctions.googleapis.com/v2/projects/azimbalife055/locations/us-central1/operations/operation-1753875197608-63b23e422430b-be1d2a6b-8ca6535c [none]
[debug] [2025-07-30T11:33:23.424Z] <<< [apiv2][status] GET https://cloudfunctions.googleapis.com/v2/projects/azimbalife055/locations/us-central1/operations/operation-1753875197608-63b23e422430b-be1d2a6b-8ca6535c 200
[debug] [2025-07-30T11:33:23.424Z] <<< [apiv2][body] GET https://cloudfunctions.googleapis.com/v2/projects/azimbalife055/locations/us-central1/operations/operation-1753875197608-63b23e422430b-be1d2a6b-8ca6535c {"name":"projects/azimbalife055/locations/us-central1/operations/operation-1753875197608-63b23e422430b-be1d2a6b-8ca6535c","metadata":{"@type":"type.googleapis.com/google.cloud.functions.v2.OperationMetadata","createTime":"2025-07-30T11:33:18.563278860Z","target":"projects/azimbalife055/locations/us-central1/functions/confirmAppointment","verb":"update","cancelRequested":false,"apiVersion":"v2","requestResource":{"@type":"type.googleapis.com/google.cloud.functions.v2.Function","name":"projects/azimbalife055/locations/us-central1/functions/confirmAppointment","buildConfig":{"runtime":"nodejs22","entryPoint":"confirmAppointment","source":{"storageSource":{"bucket":"gcf-v2-sources-78443464091-us-central1","object":"confirmAppointment/function-source.zip","generation":"1753875198493373"}},"environmentVariables":{"GOOGLE_NODE_RUN_SCRIPTS":""},"dockerRepository":"projects/azimbalife055/locations/us-central1/repositories/gcf-artifacts","sourceProvenance":{"resolvedStorageSource":{"bucket":"gcf-v2-sources-78443464091-us-central1","object":"confirmAppointment/function-source.zip","generation":"1753874946925870"}},"dockerRegistry":"ARTIFACT_REGISTRY","serviceAccount":"projects/azimbalife055/serviceAccounts/78443464091-compute@developer.gserviceaccount.com","automaticUpdatePolicy":{}},"serviceConfig":{"service":"projects/azimbalife055/locations/us-central1/services/confirmappointment","timeoutSeconds":60,"environmentVariables":{"FIREBASE_CONFIG":"{\"projectId\":\"azimbalife055\",\"databaseURL\":\"https://azimbalife055-default-rtdb.firebaseio.com\",\"storageBucket\":\"azimbalife055.firebasestorage.app\"}","GCLOUD_PROJECT":"azimbalife055","EVENTARC_CLOUD_EVENT_SOURCE":"projects/azimbalife055/locations/us-central1/services/confirmAppointment","FUNCTION_TARGET":"confirmAppointment","LOG_EXECUTION_ID":"true"},"maxInstanceCount":10,"ingressSettings":"ALLOW_ALL","uri":"https://confirmappointment-vy6tk2hf5q-uc.a.run.app","serviceAccountEmail":"78443464091-compute@developer.gserviceaccount.com","availableMemory":"256Mi","allTrafficOnLatestRevision":true,"revision":"confirmappointment-00018-haf","maxInstanceRequestConcurrency":80,"availableCpu":"1"},"state":"ACTIVE","labels":{"deployment-tool":"cli-firebase","firebase-functions-hash":"434c5a49d996bc4361120df4540872068d9d31a0"},"environment":"GEN_2","url":"https://us-central1-azimbalife055.cloudfunctions.net/confirmAppointment","satisfiesPzi":true},"stages":[{"name":"BUILD","message":"Build in progress","state":"IN_PROGRESS","resource":"projects/78443464091/locations/us-central1/builds/16bf70fa-4a69-4f78-8194-35898dcb7290","resourceUri":"https://console.cloud.google.com/cloud-build/builds;region=us-central1/16bf70fa-4a69-4f78-8194-35898dcb7290?project=78443464091"},{"name":"SERVICE","state":"NOT_STARTED"}],"operationType":"UPDATE_FUNCTION","buildName":"projects/78443464091/locations/us-central1/builds/16bf70fa-4a69-4f78-8194-35898dcb7290"},"done":false}
[debug] [2025-07-30T11:33:25.427Z] [update-default-us-central1-confirmAppointment] Retrying task index 0
[debug] [2025-07-30T11:33:25.428Z] Checked if tokens are valid: true, expires at: 1753877672277
[debug] [2025-07-30T11:33:25.428Z] Checked if tokens are valid: true, expires at: 1753877672277
[debug] [2025-07-30T11:33:25.429Z] >>> [apiv2][query] GET https://cloudfunctions.googleapis.com/v2/projects/azimbalife055/locations/us-central1/operations/operation-1753875197608-63b23e422430b-be1d2a6b-8ca6535c [none]
[debug] [2025-07-30T11:33:26.290Z] <<< [apiv2][status] GET https://cloudfunctions.googleapis.com/v2/projects/azimbalife055/locations/us-central1/operations/operation-1753875197608-63b23e422430b-be1d2a6b-8ca6535c 200
[debug] [2025-07-30T11:33:26.290Z] <<< [apiv2][body] GET https://cloudfunctions.googleapis.com/v2/projects/azimbalife055/locations/us-central1/operations/operation-1753875197608-63b23e422430b-be1d2a6b-8ca6535c {"name":"projects/azimbalife055/locations/us-central1/operations/operation-1753875197608-63b23e422430b-be1d2a6b-8ca6535c","metadata":{"@type":"type.googleapis.com/google.cloud.functions.v2.OperationMetadata","createTime":"2025-07-30T11:33:18.563278860Z","target":"projects/azimbalife055/locations/us-central1/functions/confirmAppointment","verb":"update","cancelRequested":false,"apiVersion":"v2","requestResource":{"@type":"type.googleapis.com/google.cloud.functions.v2.Function","name":"projects/azimbalife055/locations/us-central1/functions/confirmAppointment","buildConfig":{"runtime":"nodejs22","entryPoint":"confirmAppointment","source":{"storageSource":{"bucket":"gcf-v2-sources-78443464091-us-central1","object":"confirmAppointment/function-source.zip","generation":"1753875198493373"}},"environmentVariables":{"GOOGLE_NODE_RUN_SCRIPTS":""},"dockerRepository":"projects/azimbalife055/locations/us-central1/repositories/gcf-artifacts","sourceProvenance":{"resolvedStorageSource":{"bucket":"gcf-v2-sources-78443464091-us-central1","object":"confirmAppointment/function-source.zip","generation":"1753874946925870"}},"dockerRegistry":"ARTIFACT_REGISTRY","serviceAccount":"projects/azimbalife055/serviceAccounts/78443464091-compute@developer.gserviceaccount.com","automaticUpdatePolicy":{}},"serviceConfig":{"service":"projects/azimbalife055/locations/us-central1/services/confirmappointment","timeoutSeconds":60,"environmentVariables":{"FIREBASE_CONFIG":"{\"projectId\":\"azimbalife055\",\"databaseURL\":\"https://azimbalife055-default-rtdb.firebaseio.com\",\"storageBucket\":\"azimbalife055.firebasestorage.app\"}","GCLOUD_PROJECT":"azimbalife055","EVENTARC_CLOUD_EVENT_SOURCE":"projects/azimbalife055/locations/us-central1/services/confirmAppointment","FUNCTION_TARGET":"confirmAppointment","LOG_EXECUTION_ID":"true"},"maxInstanceCount":10,"ingressSettings":"ALLOW_ALL","uri":"https://confirmappointment-vy6tk2hf5q-uc.a.run.app","serviceAccountEmail":"78443464091-compute@developer.gserviceaccount.com","availableMemory":"256Mi","allTrafficOnLatestRevision":true,"revision":"confirmappointment-00018-haf","maxInstanceRequestConcurrency":80,"availableCpu":"1"},"state":"ACTIVE","labels":{"deployment-tool":"cli-firebase","firebase-functions-hash":"434c5a49d996bc4361120df4540872068d9d31a0"},"environment":"GEN_2","url":"https://us-central1-azimbalife055.cloudfunctions.net/confirmAppointment","satisfiesPzi":true},"stages":[{"name":"BUILD","message":"Build in progress","state":"IN_PROGRESS","resource":"projects/78443464091/locations/us-central1/builds/16bf70fa-4a69-4f78-8194-35898dcb7290","resourceUri":"https://console.cloud.google.com/cloud-build/builds;region=us-central1/16bf70fa-4a69-4f78-8194-35898dcb7290?project=78443464091"},{"name":"SERVICE","state":"NOT_STARTED"}],"operationType":"UPDATE_FUNCTION","buildName":"projects/78443464091/locations/us-central1/builds/16bf70fa-4a69-4f78-8194-35898dcb7290"},"done":false}
[debug] [2025-07-30T11:33:30.298Z] [update-default-us-central1-confirmAppointment] Retrying task index 0
[debug] [2025-07-30T11:33:30.300Z] Checked if tokens are valid: true, expires at: 1753877672277
[debug] [2025-07-30T11:33:30.300Z] Checked if tokens are valid: true, expires at: 1753877672277
[debug] [2025-07-30T11:33:30.301Z] >>> [apiv2][query] GET https://cloudfunctions.googleapis.com/v2/projects/azimbalife055/locations/us-central1/operations/operation-1753875197608-63b23e422430b-be1d2a6b-8ca6535c [none]
[debug] [2025-07-30T11:33:30.795Z] <<< [apiv2][status] GET https://cloudfunctions.googleapis.com/v2/projects/azimbalife055/locations/us-central1/operations/operation-1753875197608-63b23e422430b-be1d2a6b-8ca6535c 200
[debug] [2025-07-30T11:33:30.796Z] <<< [apiv2][body] GET https://cloudfunctions.googleapis.com/v2/projects/azimbalife055/locations/us-central1/operations/operation-1753875197608-63b23e422430b-be1d2a6b-8ca6535c {"name":"projects/azimbalife055/locations/us-central1/operations/operation-1753875197608-63b23e422430b-be1d2a6b-8ca6535c","metadata":{"@type":"type.googleapis.com/google.cloud.functions.v2.OperationMetadata","createTime":"2025-07-30T11:33:18.563278860Z","target":"projects/azimbalife055/locations/us-central1/functions/confirmAppointment","verb":"update","cancelRequested":false,"apiVersion":"v2","requestResource":{"@type":"type.googleapis.com/google.cloud.functions.v2.Function","name":"projects/azimbalife055/locations/us-central1/functions/confirmAppointment","buildConfig":{"runtime":"nodejs22","entryPoint":"confirmAppointment","source":{"storageSource":{"bucket":"gcf-v2-sources-78443464091-us-central1","object":"confirmAppointment/function-source.zip","generation":"1753875198493373"}},"environmentVariables":{"GOOGLE_NODE_RUN_SCRIPTS":""},"dockerRepository":"projects/azimbalife055/locations/us-central1/repositories/gcf-artifacts","sourceProvenance":{"resolvedStorageSource":{"bucket":"gcf-v2-sources-78443464091-us-central1","object":"confirmAppointment/function-source.zip","generation":"1753874946925870"}},"dockerRegistry":"ARTIFACT_REGISTRY","serviceAccount":"projects/azimbalife055/serviceAccounts/78443464091-compute@developer.gserviceaccount.com","automaticUpdatePolicy":{}},"serviceConfig":{"service":"projects/azimbalife055/locations/us-central1/services/confirmappointment","timeoutSeconds":60,"environmentVariables":{"FIREBASE_CONFIG":"{\"projectId\":\"azimbalife055\",\"databaseURL\":\"https://azimbalife055-default-rtdb.firebaseio.com\",\"storageBucket\":\"azimbalife055.firebasestorage.app\"}","GCLOUD_PROJECT":"azimbalife055","EVENTARC_CLOUD_EVENT_SOURCE":"projects/azimbalife055/locations/us-central1/services/confirmAppointment","FUNCTION_TARGET":"confirmAppointment","LOG_EXECUTION_ID":"true"},"maxInstanceCount":10,"ingressSettings":"ALLOW_ALL","uri":"https://confirmappointment-vy6tk2hf5q-uc.a.run.app","serviceAccountEmail":"78443464091-compute@developer.gserviceaccount.com","availableMemory":"256Mi","allTrafficOnLatestRevision":true,"revision":"confirmappointment-00018-haf","maxInstanceRequestConcurrency":80,"availableCpu":"1"},"state":"ACTIVE","labels":{"deployment-tool":"cli-firebase","firebase-functions-hash":"434c5a49d996bc4361120df4540872068d9d31a0"},"environment":"GEN_2","url":"https://us-central1-azimbalife055.cloudfunctions.net/confirmAppointment","satisfiesPzi":true},"stages":[{"name":"BUILD","message":"Build in progress","state":"IN_PROGRESS","resource":"projects/78443464091/locations/us-central1/builds/16bf70fa-4a69-4f78-8194-35898dcb7290","resourceUri":"https://console.cloud.google.com/cloud-build/builds;region=us-central1/16bf70fa-4a69-4f78-8194-35898dcb7290?project=78443464091"},{"name":"SERVICE","state":"NOT_STARTED"}],"operationType":"UPDATE_FUNCTION","buildName":"projects/78443464091/locations/us-central1/builds/16bf70fa-4a69-4f78-8194-35898dcb7290"},"done":false}
[debug] [2025-07-30T11:33:38.806Z] [update-default-us-central1-confirmAppointment] Retrying task index 0
[debug] [2025-07-30T11:33:38.807Z] Checked if tokens are valid: true, expires at: 1753877672277
[debug] [2025-07-30T11:33:38.808Z] Checked if tokens are valid: true, expires at: 1753877672277
[debug] [2025-07-30T11:33:38.808Z] >>> [apiv2][query] GET https://cloudfunctions.googleapis.com/v2/projects/azimbalife055/locations/us-central1/operations/operation-1753875197608-63b23e422430b-be1d2a6b-8ca6535c [none]
[debug] [2025-07-30T11:33:40.938Z] <<< [apiv2][status] GET https://cloudfunctions.googleapis.com/v2/projects/azimbalife055/locations/us-central1/operations/operation-1753875197608-63b23e422430b-be1d2a6b-8ca6535c 200
[debug] [2025-07-30T11:33:40.939Z] <<< [apiv2][body] GET https://cloudfunctions.googleapis.com/v2/projects/azimbalife055/locations/us-central1/operations/operation-1753875197608-63b23e422430b-be1d2a6b-8ca6535c {"name":"projects/azimbalife055/locations/us-central1/operations/operation-1753875197608-63b23e422430b-be1d2a6b-8ca6535c","metadata":{"@type":"type.googleapis.com/google.cloud.functions.v2.OperationMetadata","createTime":"2025-07-30T11:33:18.563278860Z","target":"projects/azimbalife055/locations/us-central1/functions/confirmAppointment","verb":"update","cancelRequested":false,"apiVersion":"v2","requestResource":{"@type":"type.googleapis.com/google.cloud.functions.v2.Function","name":"projects/azimbalife055/locations/us-central1/functions/confirmAppointment","buildConfig":{"runtime":"nodejs22","entryPoint":"confirmAppointment","source":{"storageSource":{"bucket":"gcf-v2-sources-78443464091-us-central1","object":"confirmAppointment/function-source.zip","generation":"1753875198493373"}},"environmentVariables":{"GOOGLE_NODE_RUN_SCRIPTS":""},"dockerRepository":"projects/azimbalife055/locations/us-central1/repositories/gcf-artifacts","sourceProvenance":{"resolvedStorageSource":{"bucket":"gcf-v2-sources-78443464091-us-central1","object":"confirmAppointment/function-source.zip","generation":"1753874946925870"}},"dockerRegistry":"ARTIFACT_REGISTRY","serviceAccount":"projects/azimbalife055/serviceAccounts/78443464091-compute@developer.gserviceaccount.com","automaticUpdatePolicy":{}},"serviceConfig":{"service":"projects/azimbalife055/locations/us-central1/services/confirmappointment","timeoutSeconds":60,"environmentVariables":{"FIREBASE_CONFIG":"{\"projectId\":\"azimbalife055\",\"databaseURL\":\"https://azimbalife055-default-rtdb.firebaseio.com\",\"storageBucket\":\"azimbalife055.firebasestorage.app\"}","GCLOUD_PROJECT":"azimbalife055","EVENTARC_CLOUD_EVENT_SOURCE":"projects/azimbalife055/locations/us-central1/services/confirmAppointment","FUNCTION_TARGET":"confirmAppointment","LOG_EXECUTION_ID":"true"},"maxInstanceCount":10,"ingressSettings":"ALLOW_ALL","uri":"https://confirmappointment-vy6tk2hf5q-uc.a.run.app","serviceAccountEmail":"78443464091-compute@developer.gserviceaccount.com","availableMemory":"256Mi","allTrafficOnLatestRevision":true,"revision":"confirmappointment-00018-haf","maxInstanceRequestConcurrency":80,"availableCpu":"1"},"state":"ACTIVE","labels":{"deployment-tool":"cli-firebase","firebase-functions-hash":"434c5a49d996bc4361120df4540872068d9d31a0"},"environment":"GEN_2","url":"https://us-central1-azimbalife055.cloudfunctions.net/confirmAppointment","satisfiesPzi":true},"stages":[{"name":"BUILD","message":"Build in progress","state":"IN_PROGRESS","resource":"projects/78443464091/locations/us-central1/builds/16bf70fa-4a69-4f78-8194-35898dcb7290","resourceUri":"https://console.cloud.google.com/cloud-build/builds;region=us-central1/16bf70fa-4a69-4f78-8194-35898dcb7290?project=78443464091"},{"name":"SERVICE","state":"NOT_STARTED"}],"operationType":"UPDATE_FUNCTION","buildName":"projects/78443464091/locations/us-central1/builds/16bf70fa-4a69-4f78-8194-35898dcb7290"},"done":false}
[debug] [2025-07-30T11:33:50.946Z] [update-default-us-central1-confirmAppointment] Retrying task index 0
[debug] [2025-07-30T11:33:50.947Z] Checked if tokens are valid: true, expires at: 1753877672277
[debug] [2025-07-30T11:33:50.948Z] Checked if tokens are valid: true, expires at: 1753877672277
[debug] [2025-07-30T11:33:50.948Z] >>> [apiv2][query] GET https://cloudfunctions.googleapis.com/v2/projects/azimbalife055/locations/us-central1/operations/operation-1753875197608-63b23e422430b-be1d2a6b-8ca6535c [none]
[debug] [2025-07-30T11:33:53.634Z] <<< [apiv2][status] GET https://cloudfunctions.googleapis.com/v2/projects/azimbalife055/locations/us-central1/operations/operation-1753875197608-63b23e422430b-be1d2a6b-8ca6535c 200
[debug] [2025-07-30T11:33:53.635Z] <<< [apiv2][body] GET https://cloudfunctions.googleapis.com/v2/projects/azimbalife055/locations/us-central1/operations/operation-1753875197608-63b23e422430b-be1d2a6b-8ca6535c {"name":"projects/azimbalife055/locations/us-central1/operations/operation-1753875197608-63b23e422430b-be1d2a6b-8ca6535c","metadata":{"@type":"type.googleapis.com/google.cloud.functions.v2.OperationMetadata","createTime":"2025-07-30T11:33:18.563278860Z","target":"projects/azimbalife055/locations/us-central1/functions/confirmAppointment","verb":"update","cancelRequested":false,"apiVersion":"v2","requestResource":{"@type":"type.googleapis.com/google.cloud.functions.v2.Function","name":"projects/azimbalife055/locations/us-central1/functions/confirmAppointment","buildConfig":{"runtime":"nodejs22","entryPoint":"confirmAppointment","source":{"storageSource":{"bucket":"gcf-v2-sources-78443464091-us-central1","object":"confirmAppointment/function-source.zip","generation":"1753875198493373"}},"environmentVariables":{"GOOGLE_NODE_RUN_SCRIPTS":""},"dockerRepository":"projects/azimbalife055/locations/us-central1/repositories/gcf-artifacts","sourceProvenance":{"resolvedStorageSource":{"bucket":"gcf-v2-sources-78443464091-us-central1","object":"confirmAppointment/function-source.zip","generation":"1753874946925870"}},"dockerRegistry":"ARTIFACT_REGISTRY","serviceAccount":"projects/azimbalife055/serviceAccounts/78443464091-compute@developer.gserviceaccount.com","automaticUpdatePolicy":{}},"serviceConfig":{"service":"projects/azimbalife055/locations/us-central1/services/confirmappointment","timeoutSeconds":60,"environmentVariables":{"FIREBASE_CONFIG":"{\"projectId\":\"azimbalife055\",\"databaseURL\":\"https://azimbalife055-default-rtdb.firebaseio.com\",\"storageBucket\":\"azimbalife055.firebasestorage.app\"}","GCLOUD_PROJECT":"azimbalife055","EVENTARC_CLOUD_EVENT_SOURCE":"projects/azimbalife055/locations/us-central1/services/confirmAppointment","FUNCTION_TARGET":"confirmAppointment","LOG_EXECUTION_ID":"true"},"maxInstanceCount":10,"ingressSettings":"ALLOW_ALL","uri":"https://confirmappointment-vy6tk2hf5q-uc.a.run.app","serviceAccountEmail":"78443464091-compute@developer.gserviceaccount.com","availableMemory":"256Mi","allTrafficOnLatestRevision":true,"revision":"confirmappointment-00018-haf","maxInstanceRequestConcurrency":80,"availableCpu":"1"},"state":"ACTIVE","labels":{"deployment-tool":"cli-firebase","firebase-functions-hash":"434c5a49d996bc4361120df4540872068d9d31a0"},"environment":"GEN_2","url":"https://us-central1-azimbalife055.cloudfunctions.net/confirmAppointment","satisfiesPzi":true},"stages":[{"name":"BUILD","message":"Build in progress","state":"IN_PROGRESS","resource":"projects/78443464091/locations/us-central1/builds/16bf70fa-4a69-4f78-8194-35898dcb7290","resourceUri":"https://console.cloud.google.com/cloud-build/builds;region=us-central1/16bf70fa-4a69-4f78-8194-35898dcb7290?project=78443464091"},{"name":"SERVICE","state":"NOT_STARTED"}],"operationType":"UPDATE_FUNCTION","buildName":"projects/78443464091/locations/us-central1/builds/16bf70fa-4a69-4f78-8194-35898dcb7290"},"done":false}
[debug] [2025-07-30T11:34:03.652Z] [update-default-us-central1-confirmAppointment] Retrying task index 0
[debug] [2025-07-30T11:34:03.653Z] Checked if tokens are valid: true, expires at: 1753877672277
[debug] [2025-07-30T11:34:03.653Z] Checked if tokens are valid: true, expires at: 1753877672277
[debug] [2025-07-30T11:34:03.654Z] >>> [apiv2][query] GET https://cloudfunctions.googleapis.com/v2/projects/azimbalife055/locations/us-central1/operations/operation-1753875197608-63b23e422430b-be1d2a6b-8ca6535c [none]
[debug] [2025-07-30T11:34:05.679Z] <<< [apiv2][status] GET https://cloudfunctions.googleapis.com/v2/projects/azimbalife055/locations/us-central1/operations/operation-1753875197608-63b23e422430b-be1d2a6b-8ca6535c 200
[debug] [2025-07-30T11:34:05.680Z] <<< [apiv2][body] GET https://cloudfunctions.googleapis.com/v2/projects/azimbalife055/locations/us-central1/operations/operation-1753875197608-63b23e422430b-be1d2a6b-8ca6535c {"name":"projects/azimbalife055/locations/us-central1/operations/operation-1753875197608-63b23e422430b-be1d2a6b-8ca6535c","metadata":{"@type":"type.googleapis.com/google.cloud.functions.v2.OperationMetadata","createTime":"2025-07-30T11:33:18.563278860Z","target":"projects/azimbalife055/locations/us-central1/functions/confirmAppointment","verb":"update","cancelRequested":false,"apiVersion":"v2","requestResource":{"@type":"type.googleapis.com/google.cloud.functions.v2.Function","name":"projects/azimbalife055/locations/us-central1/functions/confirmAppointment","buildConfig":{"runtime":"nodejs22","entryPoint":"confirmAppointment","source":{"storageSource":{"bucket":"gcf-v2-sources-78443464091-us-central1","object":"confirmAppointment/function-source.zip","generation":"1753875198493373"}},"environmentVariables":{"GOOGLE_NODE_RUN_SCRIPTS":""},"dockerRepository":"projects/azimbalife055/locations/us-central1/repositories/gcf-artifacts","sourceProvenance":{"resolvedStorageSource":{"bucket":"gcf-v2-sources-78443464091-us-central1","object":"confirmAppointment/function-source.zip","generation":"1753874946925870"}},"dockerRegistry":"ARTIFACT_REGISTRY","serviceAccount":"projects/azimbalife055/serviceAccounts/78443464091-compute@developer.gserviceaccount.com","automaticUpdatePolicy":{}},"serviceConfig":{"service":"projects/azimbalife055/locations/us-central1/services/confirmappointment","timeoutSeconds":60,"environmentVariables":{"FIREBASE_CONFIG":"{\"projectId\":\"azimbalife055\",\"databaseURL\":\"https://azimbalife055-default-rtdb.firebaseio.com\",\"storageBucket\":\"azimbalife055.firebasestorage.app\"}","GCLOUD_PROJECT":"azimbalife055","EVENTARC_CLOUD_EVENT_SOURCE":"projects/azimbalife055/locations/us-central1/services/confirmAppointment","FUNCTION_TARGET":"confirmAppointment","LOG_EXECUTION_ID":"true"},"maxInstanceCount":10,"ingressSettings":"ALLOW_ALL","uri":"https://confirmappointment-vy6tk2hf5q-uc.a.run.app","serviceAccountEmail":"78443464091-compute@developer.gserviceaccount.com","availableMemory":"256Mi","allTrafficOnLatestRevision":true,"revision":"confirmappointment-00018-haf","maxInstanceRequestConcurrency":80,"availableCpu":"1"},"state":"ACTIVE","labels":{"deployment-tool":"cli-firebase","firebase-functions-hash":"434c5a49d996bc4361120df4540872068d9d31a0"},"environment":"GEN_2","url":"https://us-central1-azimbalife055.cloudfunctions.net/confirmAppointment","satisfiesPzi":true},"stages":[{"name":"BUILD","message":"Build finished","state":"COMPLETE","resource":"projects/78443464091/locations/us-central1/builds/16bf70fa-4a69-4f78-8194-35898dcb7290","resourceUri":"https://console.cloud.google.com/cloud-build/builds;region=us-central1/16bf70fa-4a69-4f78-8194-35898dcb7290?project=78443464091"},{"name":"SERVICE","message":"Updating Cloud Run service","state":"IN_PROGRESS","resource":"projects/azimbalife055/locations/us-central1/services/confirmappointment","resourceUri":"https://console.cloud.google.com/run/detail/us-central1/confirmappointment?project=azimbalife055","stateMessages":[{"severity":"INFO","type":"CloudRunServiceNewRevisionTrafficInfo","message":"A new revision will be deployed serving with 100% traffic."}]}],"sourceToken":"ClZwcm9qZWN0cy83ODQ0MzQ2NDA5MS9sb2NhdGlvbnMvdXMtY2VudHJhbDEvYnVpbGRzLzE2YmY3MGZhLTRhNjktNGY3OC04MTk0LTM1ODk4ZGNiNzI5MBJxdXMtY2VudHJhbDEtZG9ja2VyLnBrZy5kZXYvYXppbWJhbGlmZTA1NS9nY2YtYXJ0aWZhY3RzL2F6aW1iYWxpZmUwNTVfX3VzLS1jZW50cmFsMV9fY29uZmlybV9hcHBvaW50bWVudDp2ZXJzaW9uXzEYm4vhnKQCIklwcm9qZWN0cy9hemltYmFsaWZlMDU1L2xvY2F0aW9ucy91cy1jZW50cmFsMS9mdW5jdGlvbnMvY29uZmlybUFwcG9pbnRtZW50KgwIp4aoxAYQ4P65jQIyCG5vZGVqczIyOnYKI2djci5pby9nYWUtcnVudGltZXMvbm9kZWpzMjI6c3RhYmxlEk91cy1jZW50cmFsMS1kb2NrZXIucGtnLmRldi9zZXJ2ZXJsZXNzLXJ1bnRpbWVzL2dvb2dsZS0yMi1mdWxsL3J1bnRpbWVzL25vZGVqczIyQAE=","operationType":"UPDATE_FUNCTION","buildName":"projects/78443464091/locations/us-central1/builds/16bf70fa-4a69-4f78-8194-35898dcb7290"},"done":false}
[debug] [2025-07-30T11:34:05.681Z] Got source token ClZwcm9qZWN0cy83ODQ0MzQ2NDA5MS9sb2NhdGlvbnMvdXMtY2VudHJhbDEvYnVpbGRzLzE2YmY3MGZhLTRhNjktNGY3OC04MTk0LTM1ODk4ZGNiNzI5MBJxdXMtY2VudHJhbDEtZG9ja2VyLnBrZy5kZXYvYXppbWJhbGlmZTA1NS9nY2YtYXJ0aWZhY3RzL2F6aW1iYWxpZmUwNTVfX3VzLS1jZW50cmFsMV9fY29uZmlybV9hcHBvaW50bWVudDp2ZXJzaW9uXzEYm4vhnKQCIklwcm9qZWN0cy9hemltYmFsaWZlMDU1L2xvY2F0aW9ucy91cy1jZW50cmFsMS9mdW5jdGlvbnMvY29uZmlybUFwcG9pbnRtZW50KgwIp4aoxAYQ4P65jQIyCG5vZGVqczIyOnYKI2djci5pby9nYWUtcnVudGltZXMvbm9kZWpzMjI6c3RhYmxlEk91cy1jZW50cmFsMS1kb2NrZXIucGtnLmRldi9zZXJ2ZXJsZXNzLXJ1bnRpbWVzL2dvb2dsZS0yMi1mdWxsL3J1bnRpbWVzL25vZGVqczIyQAE= for region us-central1
[debug] [2025-07-30T11:34:15.688Z] [update-default-us-central1-confirmAppointment] Retrying task index 0
[debug] [2025-07-30T11:34:15.689Z] Checked if tokens are valid: true, expires at: 1753877672277
[debug] [2025-07-30T11:34:15.689Z] Checked if tokens are valid: true, expires at: 1753877672277
[debug] [2025-07-30T11:34:15.690Z] >>> [apiv2][query] GET https://cloudfunctions.googleapis.com/v2/projects/azimbalife055/locations/us-central1/operations/operation-1753875197608-63b23e422430b-be1d2a6b-8ca6535c [none]
[debug] [2025-07-30T11:34:17.966Z] <<< [apiv2][status] GET https://cloudfunctions.googleapis.com/v2/projects/azimbalife055/locations/us-central1/operations/operation-1753875197608-63b23e422430b-be1d2a6b-8ca6535c 200
[debug] [2025-07-30T11:34:17.967Z] <<< [apiv2][body] GET https://cloudfunctions.googleapis.com/v2/projects/azimbalife055/locations/us-central1/operations/operation-1753875197608-63b23e422430b-be1d2a6b-8ca6535c {"name":"projects/azimbalife055/locations/us-central1/operations/operation-1753875197608-63b23e422430b-be1d2a6b-8ca6535c","metadata":{"@type":"type.googleapis.com/google.cloud.functions.v2.OperationMetadata","createTime":"2025-07-30T11:33:18.563278860Z","endTime":"2025-07-30T11:34:12.464062433Z","target":"projects/azimbalife055/locations/us-central1/functions/confirmAppointment","verb":"update","cancelRequested":false,"apiVersion":"v2","requestResource":{"@type":"type.googleapis.com/google.cloud.functions.v2.Function","name":"projects/azimbalife055/locations/us-central1/functions/confirmAppointment","buildConfig":{"runtime":"nodejs22","entryPoint":"confirmAppointment","source":{"storageSource":{"bucket":"gcf-v2-sources-78443464091-us-central1","object":"confirmAppointment/function-source.zip","generation":"1753875198493373"}},"environmentVariables":{"GOOGLE_NODE_RUN_SCRIPTS":""},"dockerRepository":"projects/azimbalife055/locations/us-central1/repositories/gcf-artifacts","sourceProvenance":{"resolvedStorageSource":{"bucket":"gcf-v2-sources-78443464091-us-central1","object":"confirmAppointment/function-source.zip","generation":"1753874946925870"}},"dockerRegistry":"ARTIFACT_REGISTRY","serviceAccount":"projects/azimbalife055/serviceAccounts/78443464091-compute@developer.gserviceaccount.com","automaticUpdatePolicy":{}},"serviceConfig":{"service":"projects/azimbalife055/locations/us-central1/services/confirmappointment","timeoutSeconds":60,"environmentVariables":{"FIREBASE_CONFIG":"{\"projectId\":\"azimbalife055\",\"databaseURL\":\"https://azimbalife055-default-rtdb.firebaseio.com\",\"storageBucket\":\"azimbalife055.firebasestorage.app\"}","GCLOUD_PROJECT":"azimbalife055","EVENTARC_CLOUD_EVENT_SOURCE":"projects/azimbalife055/locations/us-central1/services/confirmAppointment","FUNCTION_TARGET":"confirmAppointment","LOG_EXECUTION_ID":"true"},"maxInstanceCount":10,"ingressSettings":"ALLOW_ALL","uri":"https://confirmappointment-vy6tk2hf5q-uc.a.run.app","serviceAccountEmail":"78443464091-compute@developer.gserviceaccount.com","availableMemory":"256Mi","allTrafficOnLatestRevision":true,"revision":"confirmappointment-00018-haf","maxInstanceRequestConcurrency":80,"availableCpu":"1"},"state":"ACTIVE","labels":{"deployment-tool":"cli-firebase","firebase-functions-hash":"434c5a49d996bc4361120df4540872068d9d31a0"},"environment":"GEN_2","url":"https://us-central1-azimbalife055.cloudfunctions.net/confirmAppointment","satisfiesPzi":true},"stages":[{"name":"BUILD","message":"Build finished","state":"COMPLETE","resource":"projects/78443464091/locations/us-central1/builds/16bf70fa-4a69-4f78-8194-35898dcb7290","resourceUri":"https://console.cloud.google.com/cloud-build/builds;region=us-central1/16bf70fa-4a69-4f78-8194-35898dcb7290?project=78443464091"},{"name":"SERVICE","message":"Updating Cloud Run service","state":"COMPLETE","resource":"projects/azimbalife055/locations/us-central1/services/confirmappointment","resourceUri":"https://console.cloud.google.com/run/detail/us-central1/confirmappointment?project=azimbalife055","stateMessages":[{"severity":"INFO","type":"CloudRunServiceNewRevisionTrafficInfo","message":"A new revision will be deployed serving with 100% traffic."}]}],"sourceToken":"ClZwcm9qZWN0cy83ODQ0MzQ2NDA5MS9sb2NhdGlvbnMvdXMtY2VudHJhbDEvYnVpbGRzLzE2YmY3MGZhLTRhNjktNGY3OC04MTk0LTM1ODk4ZGNiNzI5MBJxdXMtY2VudHJhbDEtZG9ja2VyLnBrZy5kZXYvYXppbWJhbGlmZTA1NS9nY2YtYXJ0aWZhY3RzL2F6aW1iYWxpZmUwNTVfX3VzLS1jZW50cmFsMV9fY29uZmlybV9hcHBvaW50bWVudDp2ZXJzaW9uXzEYm4vhnKQCIklwcm9qZWN0cy9hemltYmFsaWZlMDU1L2xvY2F0aW9ucy91cy1jZW50cmFsMS9mdW5jdGlvbnMvY29uZmlybUFwcG9pbnRtZW50KgwIp4aoxAYQ4P65jQIyCG5vZGVqczIyOnYKI2djci5pby9nYWUtcnVudGltZXMvbm9kZWpzMjI6c3RhYmxlEk91cy1jZW50cmFsMS1kb2NrZXIucGtnLmRldi9zZXJ2ZXJsZXNzLXJ1bnRpbWVzL2dvb2dsZS0yMi1mdWxsL3J1bnRpbWVzL25vZGVqczIyQAE=","operationType":"UPDATE_FUNCTION","buildName":"projects/78443464091/locations/us-central1/builds/16bf70fa-4a69-4f78-8194-35898dcb7290"},"done":true,"response":{"@type":"type.googleapis.com/google.cloud.functions.v2.Function","name":"projects/azimbalife055/locations/us-central1/functions/confirmAppointment","buildConfig":{"build":"projects/78443464091/locations/us-central1/builds/16bf70fa-4a69-4f78-8194-35898dcb7290","runtime":"nodejs22","entryPoint":"confirmAppointment","source":{"storageSource":{"bucket":"gcf-v2-sources-78443464091-us-central1","object":"confirmAppointment/function-source.zip","generation":"1753875198493373"}},"environmentVariables":{"GOOGLE_NODE_RUN_SCRIPTS":""},"dockerRepository":"projects/azimbalife055/locations/us-central1/repositories/gcf-artifacts","sourceProvenance":{"resolvedStorageSource":{"bucket":"gcf-v2-sources-78443464091-us-central1","object":"confirmAppointment/function-source.zip","generation":"1753875198493373"}},"dockerRegistry":"ARTIFACT_REGISTRY","serviceAccount":"projects/azimbalife055/serviceAccounts/78443464091-compute@developer.gserviceaccount.com","automaticUpdatePolicy":{}},"serviceConfig":{"service":"projects/azimbalife055/locations/us-central1/services/confirmappointment","timeoutSeconds":60,"environmentVariables":{"FIREBASE_CONFIG":"{\"projectId\":\"azimbalife055\",\"databaseURL\":\"https://azimbalife055-default-rtdb.firebaseio.com\",\"storageBucket\":\"azimbalife055.firebasestorage.app\"}","GCLOUD_PROJECT":"azimbalife055","EVENTARC_CLOUD_EVENT_SOURCE":"projects/azimbalife055/locations/us-central1/services/confirmAppointment","FUNCTION_TARGET":"confirmAppointment","LOG_EXECUTION_ID":"true"},"maxInstanceCount":10,"ingressSettings":"ALLOW_ALL","uri":"https://confirmappointment-vy6tk2hf5q-uc.a.run.app","serviceAccountEmail":"78443464091-compute@developer.gserviceaccount.com","availableMemory":"256Mi","allTrafficOnLatestRevision":true,"revision":"confirmappointment-00019-puq","maxInstanceRequestConcurrency":80,"availableCpu":"1"},"state":"ACTIVE","updateTime":"2025-07-30T11:33:18.564636710Z","labels":{"deployment-tool":"cli-firebase","firebase-functions-hash":"434c5a49d996bc4361120df4540872068d9d31a0"},"environment":"GEN_2","url":"https://us-central1-azimbalife055.cloudfunctions.net/confirmAppointment","createTime":"2025-07-24T19:43:54.611466338Z","satisfiesPzi":true}}
[debug] [2025-07-30T11:34:17.968Z] Got source token ClZwcm9qZWN0cy83ODQ0MzQ2NDA5MS9sb2NhdGlvbnMvdXMtY2VudHJhbDEvYnVpbGRzLzE2YmY3MGZhLTRhNjktNGY3OC04MTk0LTM1ODk4ZGNiNzI5MBJxdXMtY2VudHJhbDEtZG9ja2VyLnBrZy5kZXYvYXppbWJhbGlmZTA1NS9nY2YtYXJ0aWZhY3RzL2F6aW1iYWxpZmUwNTVfX3VzLS1jZW50cmFsMV9fY29uZmlybV9hcHBvaW50bWVudDp2ZXJzaW9uXzEYm4vhnKQCIklwcm9qZWN0cy9hemltYmFsaWZlMDU1L2xvY2F0aW9ucy91cy1jZW50cmFsMS9mdW5jdGlvbnMvY29uZmlybUFwcG9pbnRtZW50KgwIp4aoxAYQ4P65jQIyCG5vZGVqczIyOnYKI2djci5pby9nYWUtcnVudGltZXMvbm9kZWpzMjI6c3RhYmxlEk91cy1jZW50cmFsMS1kb2NrZXIucGtnLmRldi9zZXJ2ZXJsZXNzLXJ1bnRpbWVzL2dvb2dsZS0yMi1mdWxsL3J1bnRpbWVzL25vZGVqczIyQAE= for region us-central1
[info] +  functions[confirmAppointment(us-central1)] Successful update operation. 
[debug] [2025-07-30T11:34:17.980Z] Total Function Deployment time: 61121
[debug] [2025-07-30T11:34:17.980Z] 1 Functions Deployed
[debug] [2025-07-30T11:34:17.980Z] 0 Functions Errored
[debug] [2025-07-30T11:34:17.981Z] 0 Function Deployments Aborted
[debug] [2025-07-30T11:34:17.982Z] Average Function Deployment time: 61119
[info] Function URL (confirmAppointment(us-central1)): https://confirmappointment-vy6tk2hf5q-uc.a.run.app
[debug] [2025-07-30T11:34:19.451Z] Checked if tokens are valid: true, expires at: 1753877672277
[debug] [2025-07-30T11:34:19.451Z] Checked if tokens are valid: true, expires at: 1753877672277
[debug] [2025-07-30T11:34:19.452Z] >>> [apiv2][query] GET https://artifactregistry.googleapis.com/v1/projects/azimbalife055/locations/us-central1/repositories/gcf-artifacts [none]
[debug] [2025-07-30T11:34:21.283Z] <<< [apiv2][status] GET https://artifactregistry.googleapis.com/v1/projects/azimbalife055/locations/us-central1/repositories/gcf-artifacts 200
[debug] [2025-07-30T11:34:21.283Z] <<< [apiv2][body] GET https://artifactregistry.googleapis.com/v1/projects/azimbalife055/locations/us-central1/repositories/gcf-artifacts {"name":"projects/azimbalife055/locations/us-central1/repositories/gcf-artifacts","format":"DOCKER","description":"This repository is created and used by Cloud Functions for storing function docker images.","labels":{"goog-managed-by":"cloudfunctions"},"createTime":"2025-07-24T19:44:03.887665Z","updateTime":"2025-07-30T11:33:47.382928Z","mode":"STANDARD_REPOSITORY","cleanupPolicies":{"firebase-functions-cleanup":{"id":"firebase-functions-cleanup","action":"DELETE","condition":{"tagState":"ANY","olderThan":"86400s"}}},"sizeBytes":"201805857","vulnerabilityScanningConfig":{"lastEnableTime":"2025-07-24T19:43:54.822142777Z","enablementState":"SCANNING_DISABLED","enablementStateReason":"API containerscanning.googleapis.com is not enabled."},"satisfiesPzi":true,"registryUri":"us-central1-docker.pkg.dev/azimbalife055/gcf-artifacts"}
[info] 
[info] +  Deploy complete! 
[info] 
[info] Project Console: https://console.firebase.google.com/project/azimbalife055/overview
